Enabled,Catalog ID,Full Product Name,Label Name,Amount,Unit,Vial mL,Label Type,Label Size,Template File,Form Text,Storage Temp,Material Color,Visual Type,Base Vial Asset,Diluent,Concentration,Dose Range,Dose Units,QR URL Override,QR Value,QR Enabled,Mascot Enabled,Brand Gap Chars,Company Name,Header Company,Legal Line 1,Legal Line 2,Legal Line 3,Label Output Stem,Website Output Stem,Source,Notes
TRUE,UD-0001,5-amino-1mq,5-AMINO-1MQ,50,MG,3,CATALOG,40x20,UD_Catalog_40x20mm_M2.svg,LYOPHILIZED POWDER,36–46°F,WHITE,WHITE CAKE,UD_3mL_White_Peptide_Black_Cap_Unlabeled.png,,,,,,UD|5-AMINO-1MQ|50MG|CATALOG,TRUE,TRUE,1,UNDISCLOSED,UNDISCLOSED,RESEARCH USE,NOT FOR HUMAN,CONSUMPTION,5_AMINO_1MQ_50MG_40x20_Catalog,5_AMINO_1MQ_50MG_3mL_Website,peptide-master-list / extended list,
TRUE,UD-0002,5-Amino-1MQ,5-AMINO-1MQ,5,MG,3,CATALOG,40x20,UD_Catalog_40x20mm_M2.svg,LYOPHILIZED POWDER,36–46°F,WHITE,WHITE CAKE,UD_3mL_White_Peptide_Black_Cap_Unlabeled.png,2 mL,2.5 mg/mL,,,,UD|5-AMINO-1MQ|5MG|CATALOG,TRUE,TRUE,1,UNDISCLOSED,UNDISCLOSED,RESEARCH USE,NOT FOR HUMAN,CONSUMPTION,5_AMINO_1MQ_5MG_40x20_Catalog,5_AMINO_1MQ_5MG_3mL_Website,pER VIAL / Per Vial; peptide-master-list / extended list,
TRUE,UD-0003,5-Amino-1MQ,5-AMINO-1MQ,10,MG,3,CATALOG,40x20,UD_Catalog_40x20mm_M2.svg,LYOPHILIZED POWDER,36–46°F,WHITE,WHITE CAKE,UD_3mL_White_Peptide_Black_Cap_Unlabeled.png,1 mL,10 mg/mL,,,,UD|5-AMINO-1MQ|10MG|CATALOG,TRUE,TRUE,1,UNDISCLOSED,UNDISCLOSED,RESEARCH USE,NOT FOR HUMAN,CONSUMPTION,5_AMINO_1MQ_10MG_40x20_Catalog,5_AMINO_1MQ_10MG_3mL_Website,pER VIAL / Per Vial; peptide-master-list / extended list,
TRUE,UD-0004,AA.water,AA.WATER,3,ML,3,CATALOG,40x20,UD_Catalog_40x20mm_M2.svg,AA.WATER,36–46°F,CLEAR,CLEAR LIQUID,UD_3mL_White_Peptide_Black_Cap_Unlabeled.png,,,,,,UD|AA.WATER|3ML|CATALOG,TRUE,TRUE,1,UNDISCLOSED,UNDISCLOSED,RESEARCH USE,NOT FOR HUMAN,CONSUMPTION,AA_WATER_3ML_40x20_Catalog,AA_WATER_3ML_3mL_Website,peptide-master-list / extended list,
TRUE,UD-0005,ACE-031,ACE-031,1,MG,3,CATALOG,40x20,UD_Catalog_40x20mm_M2.svg,LYOPHILIZED POWDER,36–46°F,WHITE,WHITE CAKE,UD_3mL_White_Peptide_Black_Cap_Unlabeled.png,0.4 mL,2.5 mg/mL,,,,UD|ACE-031|1MG|CATALOG,TRUE,TRUE,1,UNDISCLOSED,UNDISCLOSED,RESEARCH USE,NOT FOR HUMAN,CONSUMPTION,ACE_031_1MG_40x20_Catalog,ACE_031_1MG_3mL_Website,pER VIAL / Per Vial; peptide-master-list / extended list,"HAZARD: Trials halted for vascular events (telangiectasia, epistaxis); development discontinued. 0.4 mL is below the ~0.5 mL floor for wetting the cake and drawing a dose reliably."
TRUE,UD-0006,Acetic acid,ACETIC ACID,3,ML,3,CATALOG,40x20,UD_Catalog_40x20mm_M2.svg,ACETIC ACID,36–46°F,CLEAR,CLEAR LIQUID,UD_3mL_White_Peptide_Black_Cap_Unlabeled.png,-,-,,,,UD|ACETIC ACID|3ML|CATALOG,TRUE,TRUE,1,UNDISCLOSED,UNDISCLOSED,RESEARCH USE,NOT FOR HUMAN,CONSUMPTION,ACETIC_ACID_3ML_40x20_Catalog,ACETIC_ACID_3ML_3mL_Website,pER VIAL / Per Vial,Not a therapeutic. Bacteriostatic water carries 0.9% benzyl alcohol (multi-dose); sterile water has no preservative (single use).
TRUE,UD-0007,ACETIC ACID,ACETIC ACID,3,MG,3,CATALOG,40x20,UD_Catalog_40x20mm_M2.svg,ACETIC ACID,36–46°F,CLEAR,CLEAR LIQUID,UD_3mL_White_Peptide_Black_Cap_Unlabeled.png,,,,,,UD|ACETIC ACID|3MG|CATALOG,TRUE,TRUE,1,UNDISCLOSED,UNDISCLOSED,RESEARCH USE,NOT FOR HUMAN,CONSUMPTION,ACETIC_ACID_3MG_40x20_Catalog,ACETIC_ACID_3MG_3mL_Website,peptide-master-list / extended list,
TRUE,UD-0008,ACETIC ACID,ACETIC ACID,10,MG,3,CATALOG,40x20,UD_Catalog_40x20mm_M2.svg,ACETIC ACID,36–46°F,CLEAR,CLEAR LIQUID,UD_3mL_White_Peptide_Black_Cap_Unlabeled.png,,,,,,UD|ACETIC ACID|10MG|CATALOG,TRUE,TRUE,1,UNDISCLOSED,UNDISCLOSED,RESEARCH USE,NOT FOR HUMAN,CONSUMPTION,ACETIC_ACID_10MG_40x20_Catalog,ACETIC_ACID_10MG_3mL_Website,peptide-master-list / extended list,
TRUE,UD-0009,Adamax (1032 Da),ADAMAX (1032 DA),5,MG,3,CATALOG,40x20,UD_Catalog_40x20mm_M2.svg,LYOPHILIZED POWDER,36–46°F,WHITE,WHITE CAKE,UD_3mL_White_Peptide_Black_Cap_Unlabeled.png,2 mL,2.5 mg/mL,,,,UD|ADAMAX (1032 DA)|5MG|CATALOG,TRUE,TRUE,1,UNDISCLOSED,UNDISCLOSED,RESEARCH USE,NOT FOR HUMAN,CONSUMPTION,ADAMAX_1032_DA_5MG_40x20_Catalog,ADAMAX_1032_DA_5MG_3mL_Website,pER VIAL / Per Vial; peptide-master-list / extended list,
TRUE,UD-0010,Adamax (1032 Da),ADAMAX (1032 DA),10,MG,3,CATALOG,40x20,UD_Catalog_40x20mm_M2.svg,LYOPHILIZED POWDER,36–46°F,WHITE,WHITE CAKE,UD_3mL_White_Peptide_Black_Cap_Unlabeled.png,1 mL,10 mg/mL,,,,UD|ADAMAX (1032 DA)|10MG|CATALOG,TRUE,TRUE,1,UNDISCLOSED,UNDISCLOSED,RESEARCH USE,NOT FOR HUMAN,CONSUMPTION,ADAMAX_1032_DA_10MG_40x20_Catalog,ADAMAX_1032_DA_10MG_3mL_Website,pER VIAL / Per Vial; peptide-master-list / extended list,
TRUE,UD-0011,Adamax (984 Da),ADAMAX (984 DA),10,MG,3,CATALOG,40x20,UD_Catalog_40x20mm_M2.svg,LYOPHILIZED POWDER,36–46°F,WHITE,WHITE CAKE,UD_3mL_White_Peptide_Black_Cap_Unlabeled.png,1 mL,10 mg/mL,,,,UD|ADAMAX (984 DA)|10MG|CATALOG,TRUE,TRUE,1,UNDISCLOSED,UNDISCLOSED,RESEARCH USE,NOT FOR HUMAN,CONSUMPTION,ADAMAX_984_DA_10MG_40x20_Catalog,ADAMAX_984_DA_10MG_3mL_Website,pER VIAL / Per Vial,
TRUE,UD-0012,Adamax (with adamantane),ADAMAX,5,MG,3,CATALOG,40x20,UD_Catalog_40x20mm_M2.svg,LYOPHILIZED POWDER,36–46°F,WHITE,WHITE CAKE,UD_3mL_White_Peptide_Black_Cap_Unlabeled.png,,,,,,UD|ADAMAX|5MG|CATALOG,TRUE,TRUE,1,UNDISCLOSED,UNDISCLOSED,RESEARCH USE,NOT FOR HUMAN,CONSUMPTION,ADAMAX_5MG_40x20_Catalog,ADAMAX_5MG_3mL_Website,peptide-master-list / extended list,
TRUE,UD-0013,Adamax 1032da (with adamantane),ADAMAX 1032DA,10,MG,3,CATALOG,40x20,UD_Catalog_40x20mm_M2.svg,LYOPHILIZED POWDER,36–46°F,WHITE,WHITE CAKE,UD_3mL_White_Peptide_Black_Cap_Unlabeled.png,,,,,,UD|ADAMAX 1032DA|10MG|CATALOG,TRUE,TRUE,1,UNDISCLOSED,UNDISCLOSED,RESEARCH USE,NOT FOR HUMAN,CONSUMPTION,ADAMAX_1032DA_10MG_40x20_Catalog,ADAMAX_1032DA_10MG_3mL_Website,peptide-master-list / extended list,
TRUE,UD-0014,Adamax 984da (without adamantane),ADAMAX 984DA,10,MG,3,CATALOG,40x20,UD_Catalog_40x20mm_M2.svg,LYOPHILIZED POWDER,36–46°F,WHITE,WHITE CAKE,UD_3mL_White_Peptide_Black_Cap_Unlabeled.png,,,,,,UD|ADAMAX 984DA|10MG|CATALOG,TRUE,TRUE,1,UNDISCLOSED,UNDISCLOSED,RESEARCH USE,NOT FOR HUMAN,CONSUMPTION,ADAMAX_984DA_10MG_40x20_Catalog,ADAMAX_984DA_10MG_3mL_Website,peptide-master-list / extended list,
TRUE,UD-0015,Adipotide (FTPP),ADIPOTIDE (FTPP),2,MG,3,CATALOG,40x20,UD_Catalog_40x20mm_M2.svg,LYOPHILIZED POWDER,36–46°F,WHITE,WHITE CAKE,UD_3mL_White_Peptide_Black_Cap_Unlabeled.png,0.8 mL,2.5 mg/mL,,,,UD|ADIPOTIDE (FTPP)|2MG|CATALOG,TRUE,TRUE,1,UNDISCLOSED,UNDISCLOSED,RESEARCH USE,NOT FOR HUMAN,CONSUMPTION,ADIPOTIDE_FTPP_2MG_40x20_Catalog,ADIPOTIDE_FTPP_2MG_3mL_Website,pER VIAL / Per Vial,HAZARD: Proximal-tubule renal toxicity in primate studies; never advanced in humans.
TRUE,UD-0016,Adipotide (FTPP),ADIPOTIDE (FTPP),5,MG,3,CATALOG,40x20,UD_Catalog_40x20mm_M2.svg,LYOPHILIZED POWDER,36–46°F,WHITE,WHITE CAKE,UD_3mL_White_Peptide_Black_Cap_Unlabeled.png,2 mL,2.5 mg/mL,,,,UD|ADIPOTIDE (FTPP)|5MG|CATALOG,TRUE,TRUE,1,UNDISCLOSED,UNDISCLOSED,RESEARCH USE,NOT FOR HUMAN,CONSUMPTION,ADIPOTIDE_FTPP_5MG_40x20_Catalog,ADIPOTIDE_FTPP_5MG_3mL_Website,pER VIAL / Per Vial,HAZARD: Proximal-tubule renal toxicity in primate studies; never advanced in humans.
TRUE,UD-0017,Adipotide (FTPP),ADIPOTIDE (FTPP),10,MG,3,CATALOG,40x20,UD_Catalog_40x20mm_M2.svg,LYOPHILIZED POWDER,36–46°F,WHITE,WHITE CAKE,UD_3mL_White_Peptide_Black_Cap_Unlabeled.png,1 mL,10 mg/mL,,,,UD|ADIPOTIDE (FTPP)|10MG|CATALOG,TRUE,TRUE,1,UNDISCLOSED,UNDISCLOSED,RESEARCH USE,NOT FOR HUMAN,CONSUMPTION,ADIPOTIDE_FTPP_10MG_40x20_Catalog,ADIPOTIDE_FTPP_10MG_3mL_Website,pER VIAL / Per Vial,HAZARD: Proximal-tubule renal toxicity in primate studies; never advanced in humans.
TRUE,UD-0018,Adipotide/FTTP,ADIPOTIDE/FTTP,2,MG,3,CATALOG,40x20,UD_Catalog_40x20mm_M2.svg,LYOPHILIZED POWDER,36–46°F,WHITE,WHITE CAKE,UD_3mL_White_Peptide_Black_Cap_Unlabeled.png,,,,,,UD|ADIPOTIDE/FTTP|2MG|CATALOG,TRUE,TRUE,1,UNDISCLOSED,UNDISCLOSED,RESEARCH USE,NOT FOR HUMAN,CONSUMPTION,ADIPOTIDE_FTTP_2MG_40x20_Catalog,ADIPOTIDE_FTTP_2MG_3mL_Website,peptide-master-list / extended list,
TRUE,UD-0019,Adipotide/FTTP,ADIPOTIDE/FTTP,5,MG,3,CATALOG,40x20,UD_Catalog_40x20mm_M2.svg,LYOPHILIZED POWDER,36–46°F,WHITE,WHITE CAKE,UD_3mL_White_Peptide_Black_Cap_Unlabeled.png,,,,,,UD|ADIPOTIDE/FTTP|5MG|CATALOG,TRUE,TRUE,1,UNDISCLOSED,UNDISCLOSED,RESEARCH USE,NOT FOR HUMAN,CONSUMPTION,ADIPOTIDE_FTTP_5MG_40x20_Catalog,ADIPOTIDE_FTTP_5MG_3mL_Website,peptide-master-list / extended list,
TRUE,UD-0020,Adipotide/FTTP,ADIPOTIDE/FTTP,10,MG,3,CATALOG,40x20,UD_Catalog_40x20mm_M2.svg,LYOPHILIZED POWDER,36–46°F,WHITE,WHITE CAKE,UD_3mL_White_Peptide_Black_Cap_Unlabeled.png,,,,,,UD|ADIPOTIDE/FTTP|10MG|CATALOG,TRUE,TRUE,1,UNDISCLOSED,UNDISCLOSED,RESEARCH USE,NOT FOR HUMAN,CONSUMPTION,ADIPOTIDE_FTTP_10MG_40x20_Catalog,ADIPOTIDE_FTTP_10MG_3mL_Website,peptide-master-list / extended list,
TRUE,UD-0021,AHK CU,AHK CU,50,MG,3,CATALOG,40x20,UD_Catalog_40x20mm_M2.svg,LYOPHILIZED POWDER,36–46°F,COBALT BLUE,COBALT BLUE CAKE,UD_3mL_Blue_Peptide_Black_Cap_Unlabeled.png,,,,,,UD|AHK CU|50MG|CATALOG,TRUE,TRUE,1,UNDISCLOSED,UNDISCLOSED,RESEARCH USE,NOT FOR HUMAN,CONSUMPTION,AHK_CU_50MG_40x20_Catalog,AHK_CU_50MG_3mL_Website,peptide-master-list / extended list,
TRUE,UD-0022,AHK CU,AHK CU,100,MG,3,CATALOG,40x20,UD_Catalog_40x20mm_M2.svg,LYOPHILIZED POWDER,36–46°F,COBALT BLUE,COBALT BLUE CAKE,UD_3mL_Blue_Peptide_Black_Cap_Unlabeled.png,,,,,,UD|AHK CU|100MG|CATALOG,TRUE,TRUE,1,UNDISCLOSED,UNDISCLOSED,RESEARCH USE,NOT FOR HUMAN,CONSUMPTION,AHK_CU_100MG_40x20_Catalog,AHK_CU_100MG_3mL_Website,peptide-master-list / extended list,
TRUE,UD-0023,AHK-Cu,AHK-CU,5,MG,3,CATALOG,40x20,UD_Catalog_40x20mm_M2.svg,LYOPHILIZED POWDER,36–46°F,COBALT BLUE,COBALT BLUE CAKE,UD_3mL_Blue_Peptide_Black_Cap_Unlabeled.png,0.5 mL,10 mg/mL,,,,UD|AHK-CU|5MG|CATALOG,TRUE,TRUE,1,UNDISCLOSED,UNDISCLOSED,RESEARCH USE,NOT FOR HUMAN,CONSUMPTION,AHK_CU_5MG_40x20_Catalog,AHK_CU_5MG_3mL_Website,pER VIAL / Per Vial,
TRUE,UD-0024,AHK-Cu,AHK-CU,10,MG,3,CATALOG,40x20,UD_Catalog_40x20mm_M2.svg,LYOPHILIZED POWDER,36–46°F,COBALT BLUE,COBALT BLUE CAKE,UD_3mL_Blue_Peptide_Black_Cap_Unlabeled.png,1 mL,10 mg/mL,,,,UD|AHK-CU|10MG|CATALOG,TRUE,TRUE,1,UNDISCLOSED,UNDISCLOSED,RESEARCH USE,NOT FOR HUMAN,CONSUMPTION,AHK_CU_10MG_40x20_Catalog,AHK_CU_10MG_3mL_Website,pER VIAL / Per Vial,
TRUE,UD-0025,Aicar,AICAR,50,MG,3,CATALOG,40x20,UD_Catalog_40x20mm_M2.svg,LYOPHILIZED POWDER,36–46°F,WHITE,WHITE CAKE,UD_3mL_White_Peptide_Black_Cap_Unlabeled.png,,,,,,UD|AICAR|50MG|CATALOG,TRUE,TRUE,1,UNDISCLOSED,UNDISCLOSED,RESEARCH USE,NOT FOR HUMAN,CONSUMPTION,AICAR_50MG_40x20_Catalog,AICAR_50MG_3mL_Website,peptide-master-list / extended list,
TRUE,UD-0026,Aicar,AICAR,100,MG,3,CATALOG,40x20,UD_Catalog_40x20mm_M2.svg,LYOPHILIZED POWDER,36–46°F,WHITE,WHITE CAKE,UD_3mL_White_Peptide_Black_Cap_Unlabeled.png,,,,,,UD|AICAR|100MG|CATALOG,TRUE,TRUE,1,UNDISCLOSED,UNDISCLOSED,RESEARCH USE,NOT FOR HUMAN,CONSUMPTION,AICAR_100MG_40x20_Catalog,AICAR_100MG_3mL_Website,peptide-master-list / extended list,
TRUE,UD-0027,AICAR,AICAR,5,MG,3,CATALOG,40x20,UD_Catalog_40x20mm_M2.svg,LYOPHILIZED POWDER,36–46°F,WHITE,WHITE CAKE,UD_3mL_White_Peptide_Black_Cap_Unlabeled.png,0.5 mL,10 mg/mL,,,,UD|AICAR|5MG|CATALOG,TRUE,TRUE,1,UNDISCLOSED,UNDISCLOSED,RESEARCH USE,NOT FOR HUMAN,CONSUMPTION,AICAR_5MG_40x20_Catalog,AICAR_5MG_3mL_Website,pER VIAL / Per Vial,
TRUE,UD-0028,AICAR,AICAR,10,MG,3,CATALOG,40x20,UD_Catalog_40x20mm_M2.svg,LYOPHILIZED POWDER,36–46°F,WHITE,WHITE CAKE,UD_3mL_White_Peptide_Black_Cap_Unlabeled.png,1 mL,10 mg/mL,,,,UD|AICAR|10MG|CATALOG,TRUE,TRUE,1,UNDISCLOSED,UNDISCLOSED,RESEARCH USE,NOT FOR HUMAN,CONSUMPTION,AICAR_10MG_40x20_Catalog,AICAR_10MG_3mL_Website,pER VIAL / Per Vial,
TRUE,UD-0029,AOD9604,AOD9604,2,MG,3,CATALOG,40x20,UD_Catalog_40x20mm_M2.svg,LYOPHILIZED POWDER,36–46°F,WHITE,WHITE CAKE,UD_3mL_White_Peptide_Black_Cap_Unlabeled.png,0.8 mL,2.5 mg/mL,,,,UD|AOD9604|2MG|CATALOG,TRUE,TRUE,1,UNDISCLOSED,UNDISCLOSED,RESEARCH USE,NOT FOR HUMAN,CONSUMPTION,AOD9604_2MG_40x20_Catalog,AOD9604_2MG_3mL_Website,pER VIAL / Per Vial; peptide-master-list / extended list,
TRUE,UD-0030,AOD9604,AOD9604,5,MG,3,CATALOG,40x20,UD_Catalog_40x20mm_M2.svg,LYOPHILIZED POWDER,36–46°F,WHITE,WHITE CAKE,UD_3mL_White_Peptide_Black_Cap_Unlabeled.png,2 mL,2.5 mg/mL,,,,UD|AOD9604|5MG|CATALOG,TRUE,TRUE,1,UNDISCLOSED,UNDISCLOSED,RESEARCH USE,NOT FOR HUMAN,CONSUMPTION,AOD9604_5MG_40x20_Catalog,AOD9604_5MG_3mL_Website,pER VIAL / Per Vial; peptide-master-list / extended list,
TRUE,UD-0031,AOD9604,AOD9604,10,MG,3,CATALOG,40x20,UD_Catalog_40x20mm_M2.svg,LYOPHILIZED POWDER,36–46°F,WHITE,WHITE CAKE,UD_3mL_White_Peptide_Black_Cap_Unlabeled.png,1 mL,10 mg/mL,,,,UD|AOD9604|10MG|CATALOG,TRUE,TRUE,1,UNDISCLOSED,UNDISCLOSED,RESEARCH USE,NOT FOR HUMAN,CONSUMPTION,AOD9604_10MG_40x20_Catalog,AOD9604_10MG_3mL_Website,pER VIAL / Per Vial; peptide-master-list / extended list,
TRUE,UD-0032,ARA-290,ARA-290,10,MG,3,CATALOG,40x20,UD_Catalog_40x20mm_M2.svg,LYOPHILIZED POWDER,36–46°F,WHITE,WHITE CAKE,UD_3mL_White_Peptide_Black_Cap_Unlabeled.png,,,,,,UD|ARA-290|10MG|CATALOG,TRUE,TRUE,1,UNDISCLOSED,UNDISCLOSED,RESEARCH USE,NOT FOR HUMAN,CONSUMPTION,ARA_290_10MG_40x20_Catalog,ARA_290_10MG_3mL_Website,peptide-master-list / extended list,
TRUE,UD-0033,ARA-290 (Cibinetide),ARA,10,MG,3,CATALOG,40x20,UD_Catalog_40x20mm_M2.svg,LYOPHILIZED POWDER,36–46°F,WHITE,WHITE CAKE,UD_3mL_White_Peptide_Black_Cap_Unlabeled.png,1 mL,10 mg/mL,,,,UD|ARA|10MG|CATALOG,TRUE,TRUE,1,UNDISCLOSED,UNDISCLOSED,RESEARCH USE,NOT FOR HUMAN,CONSUMPTION,ARA_10MG_40x20_Catalog,ARA_10MG_3mL_Website,pER VIAL / Per Vial,
TRUE,UD-0034,ARA-290 (Cibinetide),ARA,16,MG,3,CATALOG,40x20,UD_Catalog_40x20mm_M2.svg,LYOPHILIZED POWDER,36–46°F,WHITE,WHITE CAKE,UD_3mL_White_Peptide_Black_Cap_Unlabeled.png,1.6 mL,10 mg/mL,,,,UD|ARA|16MG|CATALOG,TRUE,TRUE,1,UNDISCLOSED,UNDISCLOSED,RESEARCH USE,NOT FOR HUMAN,CONSUMPTION,ARA_16MG_40x20_Catalog,ARA_16MG_3mL_Website,pER VIAL / Per Vial,
TRUE,UD-0035,ARA290 (Cibinetide),ARA-290,10,MG,3,CATALOG,40x20,UD_Catalog_40x20mm_M2.svg,LYOPHILIZED POWDER,36–46°F,WHITE,WHITE CAKE,UD_3mL_White_Peptide_Black_Cap_Unlabeled.png,,,,,,UD|ARA-290|10MG|CATALOG,TRUE,TRUE,1,UNDISCLOSED,UNDISCLOSED,RESEARCH USE,NOT FOR HUMAN,CONSUMPTION,ARA_290_10MG_40x20_Catalog,ARA_290_10MG_3mL_Website,peptide-master-list / Live shop; peptide-master-list / extended list,
TRUE,UD-0036,ARA290 (Cibinetide),ARA-290,16,MG,3,CATALOG,40x20,UD_Catalog_40x20mm_M2.svg,LYOPHILIZED POWDER,36–46°F,WHITE,WHITE CAKE,UD_3mL_White_Peptide_Black_Cap_Unlabeled.png,,,,,,UD|ARA-290|16MG|CATALOG,TRUE,TRUE,1,UNDISCLOSED,UNDISCLOSED,RESEARCH USE,NOT FOR HUMAN,CONSUMPTION,ARA_290_16MG_40x20_Catalog,ARA_290_16MG_3mL_Website,peptide-master-list / Live shop; peptide-master-list / extended list,
TRUE,UD-0037,B12(Methylcobalamin) 1mg,B12,10,MG,10,CATALOG,50x30,UD_Catalog_50x30mm_M2.svg,LIQUID,36–46°F,RED,RED LIQUID 75%,CREATE_10mL_Red_Liquid_75pct.png,,,,,,UD|B12|10MG|CATALOG,TRUE,TRUE,1,UNDISCLOSED,UNDISCLOSED,RESEARCH USE,NOT FOR HUMAN,CONSUMPTION,B12_10MG_50x30_Catalog,B12_10MG_10mL_Website,peptide-master-list / Live shop; peptide-master-list / extended list,
TRUE,UD-0038,BAC WATER,BAC WATER,3,MG,3,CATALOG,40x20,UD_Catalog_40x20mm_M2.svg,BAC WATER,36–46°F,CLEAR,CLEAR LIQUID,UD_3mL_White_Peptide_Black_Cap_Unlabeled.png,,,,,,UD|BAC WATER|3MG|CATALOG,TRUE,TRUE,1,UNDISCLOSED,UNDISCLOSED,RESEARCH USE,NOT FOR HUMAN,CONSUMPTION,BAC_WATER_3MG_40x20_Catalog,BAC_WATER_3MG_3mL_Website,peptide-master-list / extended list,
TRUE,UD-0039,BAC WATER,BAC WATER,10,MG,3,CATALOG,40x20,UD_Catalog_40x20mm_M2.svg,BAC WATER,36–46°F,CLEAR,CLEAR LIQUID,UD_3mL_White_Peptide_Black_Cap_Unlabeled.png,,,,,,UD|BAC WATER|10MG|CATALOG,TRUE,TRUE,1,UNDISCLOSED,UNDISCLOSED,RESEARCH USE,NOT FOR HUMAN,CONSUMPTION,BAC_WATER_10MG_40x20_Catalog,BAC_WATER_10MG_3mL_Website,peptide-master-list / extended list,
TRUE,UD-0040,Bac.water,BAC.WATER,3,ML,3,CATALOG,40x20,UD_Catalog_40x20mm_M2.svg,BAC.WATER,36–46°F,CLEAR,CLEAR LIQUID,UD_3mL_White_Peptide_Black_Cap_Unlabeled.png,,,,,,UD|BAC.WATER|3ML|CATALOG,TRUE,TRUE,1,UNDISCLOSED,UNDISCLOSED,RESEARCH USE,NOT FOR HUMAN,CONSUMPTION,BAC_WATER_3ML_40x20_Catalog,BAC_WATER_3ML_3mL_Website,peptide-master-list / extended list,
TRUE,UD-0041,Bacteriostatic water,BAC,3,ML,3,CATALOG,40x20,UD_Catalog_40x20mm_M2.svg,BACTERIOSTATIC WATER,36–46°F,CLEAR,CLEAR LIQUID,UD_3mL_White_Peptide_Black_Cap_Unlabeled.png,-,-,,,,UD|BAC|3ML|CATALOG,TRUE,TRUE,1,UNDISCLOSED,UNDISCLOSED,RESEARCH USE,NOT FOR HUMAN,CONSUMPTION,BAC_3ML_40x20_Catalog,BAC_3ML_3mL_Website,pER VIAL / Per Vial,Not a therapeutic. Bacteriostatic water carries 0.9% benzyl alcohol (multi-dose); sterile water has no preservative (single use).
TRUE,UD-0042,Botulinum toxin,BOTULINUM TOXIN,10,IU,3,CATALOG,40x20,UD_Catalog_40x20mm_M2.svg,LYOPHILIZED POWDER,36–46°F,WHITE,WHITE CAKE,UD_3mL_White_Peptide_Black_Cap_Unlabeled.png,1 mL,10 mg/mL,,,,UD|BOTULINUM TOXIN|10IU|CATALOG,TRUE,TRUE,1,UNDISCLOSED,UNDISCLOSED,RESEARCH USE,NOT FOR HUMAN,CONSUMPTION,BOTULINUM_TOXIN_10IU_40x20_Catalog,BOTULINUM_TOXIN_10IU_3mL_Website,pER VIAL / Per Vial,
TRUE,UD-0043,Botulinum toxin,BOTULINUM TOXIN,100,IU,3,CATALOG,40x20,UD_Catalog_40x20mm_M2.svg,LYOPHILIZED POWDER,36–46°F,WHITE,WHITE CAKE,UD_3mL_White_Peptide_Black_Cap_Unlabeled.png,,,,,,UD|BOTULINUM TOXIN|100IU|CATALOG,TRUE,TRUE,1,UNDISCLOSED,UNDISCLOSED,RESEARCH USE,NOT FOR HUMAN,CONSUMPTION,BOTULINUM_TOXIN_100IU_40x20_Catalog,BOTULINUM_TOXIN_100IU_3mL_Website,peptide-master-list / extended list,
TRUE,UD-0044,BPC 10mg + TB 10mg,BPC 10MG + TB 10MG,10,MG,3,CATALOG,40x20,UD_Catalog_40x20mm_M2.svg,LYOPHILIZED POWDER,36–46°F,WHITE,WHITE CAKE,UD_3mL_White_Peptide_Black_Cap_Unlabeled.png,,,,,,UD|BPC 10MG + TB 10MG|10MG|CATALOG,TRUE,TRUE,1,UNDISCLOSED,UNDISCLOSED,RESEARCH USE,NOT FOR HUMAN,CONSUMPTION,BPC_10MG_TB_10MG_10MG_40x20_Catalog,BPC_10MG_TB_10MG_10MG_3mL_Website,peptide-master-list / extended list,
TRUE,UD-0045,BPC 5mg + TB 5mg,BPC 5MG + TB 5MG,5,MG,3,CATALOG,40x20,UD_Catalog_40x20mm_M2.svg,LYOPHILIZED POWDER,36–46°F,WHITE,WHITE CAKE,UD_3mL_White_Peptide_Black_Cap_Unlabeled.png,,,,,,UD|BPC 5MG + TB 5MG|5MG|CATALOG,TRUE,TRUE,1,UNDISCLOSED,UNDISCLOSED,RESEARCH USE,NOT FOR HUMAN,CONSUMPTION,BPC_5MG_TB_5MG_5MG_40x20_Catalog,BPC_5MG_TB_5MG_5MG_3mL_Website,peptide-master-list / extended list,
TRUE,UD-0046,BPC-157,BPC-157,1,MG,3,CATALOG,40x20,UD_Catalog_40x20mm_M2.svg,LYOPHILIZED POWDER,36–46°F,WHITE,WHITE CAKE,UD_3mL_White_Peptide_Black_Cap_Unlabeled.png,0.4 mL,2.5 mg/mL,,,,UD|BPC-157|1MG|CATALOG,TRUE,TRUE,1,UNDISCLOSED,UNDISCLOSED,RESEARCH USE,NOT FOR HUMAN,CONSUMPTION,BPC_157_1MG_40x20_Catalog,BPC_157_1MG_3mL_Website,pER VIAL / Per Vial,0.4 mL is below the ~0.5 mL floor for wetting the cake and drawing a dose reliably.
TRUE,UD-0047,BPC-157,BPC-157,2,MG,3,CATALOG,40x20,UD_Catalog_40x20mm_M2.svg,LYOPHILIZED POWDER,36–46°F,WHITE,WHITE CAKE,UD_3mL_White_Peptide_Black_Cap_Unlabeled.png,0.8 mL,2.5 mg/mL,,,,UD|BPC-157|2MG|CATALOG,TRUE,TRUE,1,UNDISCLOSED,UNDISCLOSED,RESEARCH USE,NOT FOR HUMAN,CONSUMPTION,BPC_157_2MG_40x20_Catalog,BPC_157_2MG_3mL_Website,peptide-master-list / Live shop; pER VIAL / Per Vial; peptide-master-list / extended list,
TRUE,UD-0048,BPC-157,BPC-157,5,MG,3,CATALOG,40x20,UD_Catalog_40x20mm_M2.svg,LYOPHILIZED POWDER,36–46°F,WHITE,WHITE CAKE,UD_3mL_White_Peptide_Black_Cap_Unlabeled.png,2 mL,2.5 mg/mL,,,,UD|BPC-157|5MG|CATALOG,TRUE,TRUE,1,UNDISCLOSED,UNDISCLOSED,RESEARCH USE,NOT FOR HUMAN,CONSUMPTION,BPC_157_5MG_40x20_Catalog,BPC_157_5MG_3mL_Website,peptide-master-list / Live shop; pER VIAL / Per Vial; peptide-master-list / extended list,
TRUE,UD-0049,BPC-157,BPC-157,10,MG,3,CATALOG,40x20,UD_Catalog_40x20mm_M2.svg,LYOPHILIZED POWDER,36–46°F,WHITE,WHITE CAKE,UD_3mL_White_Peptide_Black_Cap_Unlabeled.png,,,,,,UD|BPC-157|10MG|CATALOG,TRUE,TRUE,1,UNDISCLOSED,UNDISCLOSED,RESEARCH USE,NOT FOR HUMAN,CONSUMPTION,BPC_157_10MG_40x20_Catalog,BPC_157_10MG_3mL_Website,peptide-master-list / Live shop; peptide-master-list / extended list,
TRUE,UD-0050,BPC-157 + TB-500 (10+10),B+TB,20,MG,3,CATALOG,40x20,UD_Catalog_40x20mm_M2.svg,LYOPHILIZED POWDER,36–46°F,WHITE,WHITE CAKE,UD_3mL_White_Peptide_Black_Cap_Unlabeled.png,3 mL,6.67 mg/mL total,,,,UD|B+TB|20MG|CATALOG,TRUE,TRUE,1,UNDISCLOSED,UNDISCLOSED,RESEARCH USE,NOT FOR HUMAN,CONSUMPTION,B_TB_20MG_40x20_Catalog,B_TB_20MG_3mL_Website,pER VIAL / Per Vial,"CORRECTED: source recorded one component as the vial strength instead of the sum, understating by half. Per-component mg/mL on the Blend Composition tab."
TRUE,UD-0051,BPC-157 + TB-500 (5+5),B+TB,10,MG,3,CATALOG,40x20,UD_Catalog_40x20mm_M2.svg,LYOPHILIZED POWDER,36–46°F,WHITE,WHITE CAKE,UD_3mL_White_Peptide_Black_Cap_Unlabeled.png,3 mL,3.33 mg/mL total,,,,UD|B+TB|10MG|CATALOG,TRUE,TRUE,1,UNDISCLOSED,UNDISCLOSED,RESEARCH USE,NOT FOR HUMAN,CONSUMPTION,B_TB_10MG_40x20_Catalog,B_TB_10MG_3mL_Website,pER VIAL / Per Vial,"CORRECTED: source recorded one component as the vial strength instead of the sum, understating by half. Per-component mg/mL on the Blend Composition tab."
TRUE,UD-0052,BPC157,BPC157,5,MG,3,CATALOG,40x20,UD_Catalog_40x20mm_M2.svg,LYOPHILIZED POWDER,36–46°F,WHITE,WHITE CAKE,UD_3mL_White_Peptide_Black_Cap_Unlabeled.png,,,,,,UD|BPC157|5MG|CATALOG,TRUE,TRUE,1,UNDISCLOSED,UNDISCLOSED,RESEARCH USE,NOT FOR HUMAN,CONSUMPTION,BPC157_5MG_40x20_Catalog,BPC157_5MG_3mL_Website,peptide-master-list / extended list,
TRUE,UD-0053,BPC157,BPC157,10,MG,3,CATALOG,40x20,UD_Catalog_40x20mm_M2.svg,LYOPHILIZED POWDER,36–46°F,WHITE,WHITE CAKE,UD_3mL_White_Peptide_Black_Cap_Unlabeled.png,,,,,,UD|BPC157|10MG|CATALOG,TRUE,TRUE,1,UNDISCLOSED,UNDISCLOSED,RESEARCH USE,NOT FOR HUMAN,CONSUMPTION,BPC157_10MG_40x20_Catalog,BPC157_10MG_3mL_Website,peptide-master-list / extended list,
TRUE,UD-0054,Cagri sema (10mg+10mg),CS10MG+10MG,20,MG,3,CATALOG,40x20,UD_Catalog_40x20mm_M2.svg,LYOPHILIZED POWDER,36–46°F,WHITE,WHITE CAKE,UD_3mL_White_Peptide_Black_Cap_Unlabeled.png,,,,,,UD|CS10MG+10MG|20MG|CATALOG,TRUE,TRUE,1,UNDISCLOSED,UNDISCLOSED,RESEARCH USE,NOT FOR HUMAN,CONSUMPTION,CS10MG_10MG_20MG_40x20_Catalog,CS10MG_10MG_20MG_3mL_Website,peptide-master-list / extended list,
TRUE,UD-0055,Cagri sema (2.5mg+2.5mg),CS25MG+25MG,5,MG,3,CATALOG,40x20,UD_Catalog_40x20mm_M2.svg,LYOPHILIZED POWDER,36–46°F,WHITE,WHITE CAKE,UD_3mL_White_Peptide_Black_Cap_Unlabeled.png,,,,,,UD|CS25MG+25MG|5MG|CATALOG,TRUE,TRUE,1,UNDISCLOSED,UNDISCLOSED,RESEARCH USE,NOT FOR HUMAN,CONSUMPTION,CS25MG_25MG_5MG_40x20_Catalog,CS25MG_25MG_5MG_3mL_Website,peptide-master-list / extended list,
TRUE,UD-0056,Cagri sema (5mg+5mg),CS5MG+5MG,10,MG,3,CATALOG,40x20,UD_Catalog_40x20mm_M2.svg,LYOPHILIZED POWDER,36–46°F,WHITE,WHITE CAKE,UD_3mL_White_Peptide_Black_Cap_Unlabeled.png,,,,,,UD|CS5MG+5MG|10MG|CATALOG,TRUE,TRUE,1,UNDISCLOSED,UNDISCLOSED,RESEARCH USE,NOT FOR HUMAN,CONSUMPTION,CS5MG_5MG_10MG_40x20_Catalog,CS5MG_5MG_10MG_3mL_Website,peptide-master-list / extended list,
TRUE,UD-0057,Cagrilintide,CAGRILINTIDE,2,MG,3,CATALOG,40x20,UD_Catalog_40x20mm_M2.svg,LYOPHILIZED POWDER,36–46°F,WHITE,WHITE CAKE,UD_3mL_White_Peptide_Black_Cap_Unlabeled.png,0.8 mL,2.5 mg/mL,,,,UD|CAGRILINTIDE|2MG|CATALOG,TRUE,TRUE,1,UNDISCLOSED,UNDISCLOSED,RESEARCH USE,NOT FOR HUMAN,CONSUMPTION,CAGRILINTIDE_2MG_40x20_Catalog,CAGRILINTIDE_2MG_3mL_Website,peptide-master-list / Live shop; pER VIAL / Per Vial; peptide-master-list / extended list,
TRUE,UD-0058,Cagrilintide,CAGRILINTIDE,5,MG,3,CATALOG,40x20,UD_Catalog_40x20mm_M2.svg,LYOPHILIZED POWDER,36–46°F,WHITE,WHITE CAKE,UD_3mL_White_Peptide_Black_Cap_Unlabeled.png,2 mL,2.5 mg/mL,,,,UD|CAGRILINTIDE|5MG|CATALOG,TRUE,TRUE,1,UNDISCLOSED,UNDISCLOSED,RESEARCH USE,NOT FOR HUMAN,CONSUMPTION,CAGRILINTIDE_5MG_40x20_Catalog,CAGRILINTIDE_5MG_3mL_Website,peptide-master-list / Live shop; pER VIAL / Per Vial; peptide-master-list / extended list,
TRUE,UD-0059,Cagrilintide,CAGRILINTIDE,10,MG,3,CATALOG,40x20,UD_Catalog_40x20mm_M2.svg,LYOPHILIZED POWDER,36–46°F,WHITE,WHITE CAKE,UD_3mL_White_Peptide_Black_Cap_Unlabeled.png,1 mL,10 mg/mL,,,,UD|CAGRILINTIDE|10MG|CATALOG,TRUE,TRUE,1,UNDISCLOSED,UNDISCLOSED,RESEARCH USE,NOT FOR HUMAN,CONSUMPTION,CAGRILINTIDE_10MG_40x20_Catalog,CAGRILINTIDE_10MG_3mL_Website,peptide-master-list / Live shop; pER VIAL / Per Vial; peptide-master-list / extended list,
TRUE,UD-0060,Cagrilintide,CAGRILINTIDE,20,MG,3,CATALOG,40x20,UD_Catalog_40x20mm_M2.svg,LYOPHILIZED POWDER,36–46°F,WHITE,WHITE CAKE,UD_3mL_White_Peptide_Black_Cap_Unlabeled.png,2 mL,10 mg/mL,,,,UD|CAGRILINTIDE|20MG|CATALOG,TRUE,TRUE,1,UNDISCLOSED,UNDISCLOSED,RESEARCH USE,NOT FOR HUMAN,CONSUMPTION,CAGRILINTIDE_20MG_40x20_Catalog,CAGRILINTIDE_20MG_3mL_Website,pER VIAL / Per Vial; peptide-master-list / extended list,
TRUE,UD-0061,Cagrilintide + Semaglutide,C+S,5,MG,3,CATALOG,40x20,UD_Catalog_40x20mm_M2.svg,LYOPHILIZED POWDER,36–46°F,WHITE,WHITE CAKE,UD_3mL_White_Peptide_Black_Cap_Unlabeled.png,2 mL,2.5 mg/mL,,,,UD|C+S|5MG|CATALOG,TRUE,TRUE,1,UNDISCLOSED,UNDISCLOSED,RESEARCH USE,NOT FOR HUMAN,CONSUMPTION,C_S_5MG_40x20_Catalog,C_S_5MG_3mL_Website,pER VIAL / Per Vial,
TRUE,UD-0062,Cagrilintide + Semaglutide,C+S,10,MG,3,CATALOG,40x20,UD_Catalog_40x20mm_M2.svg,LYOPHILIZED POWDER,36–46°F,WHITE,WHITE CAKE,UD_3mL_White_Peptide_Black_Cap_Unlabeled.png,1 mL,10 mg/mL,,,,UD|C+S|10MG|CATALOG,TRUE,TRUE,1,UNDISCLOSED,UNDISCLOSED,RESEARCH USE,NOT FOR HUMAN,CONSUMPTION,C_S_10MG_40x20_Catalog,C_S_10MG_3mL_Website,pER VIAL / Per Vial,
TRUE,UD-0063,Cagrilintide + Semaglutide,C+S,20,MG,3,CATALOG,40x20,UD_Catalog_40x20mm_M2.svg,LYOPHILIZED POWDER,36–46°F,WHITE,WHITE CAKE,UD_3mL_White_Peptide_Black_Cap_Unlabeled.png,2 mL,10 mg/mL,,,,UD|C+S|20MG|CATALOG,TRUE,TRUE,1,UNDISCLOSED,UNDISCLOSED,RESEARCH USE,NOT FOR HUMAN,CONSUMPTION,C_S_20MG_40x20_Catalog,C_S_20MG_3mL_Website,pER VIAL / Per Vial,
TRUE,UD-0064,Cardiogen,CARDIOGEN,20,MG,3,CATALOG,40x20,UD_Catalog_40x20mm_M2.svg,LYOPHILIZED POWDER,36–46°F,WHITE,WHITE CAKE,UD_3mL_White_Peptide_Black_Cap_Unlabeled.png,2 mL,10 mg/mL,,,,UD|CARDIOGEN|20MG|CATALOG,TRUE,TRUE,1,UNDISCLOSED,UNDISCLOSED,RESEARCH USE,NOT FOR HUMAN,CONSUMPTION,CARDIOGEN_20MG_40x20_Catalog,CARDIOGEN_20MG_3mL_Website,pER VIAL / Per Vial; peptide-master-list / extended list,
TRUE,UD-0065,Cartalax,CARTALAX,20,MG,3,CATALOG,40x20,UD_Catalog_40x20mm_M2.svg,LYOPHILIZED POWDER,36–46°F,WHITE,WHITE CAKE,UD_3mL_White_Peptide_Black_Cap_Unlabeled.png,2 mL,10 mg/mL,,,,UD|CARTALAX|20MG|CATALOG,TRUE,TRUE,1,UNDISCLOSED,UNDISCLOSED,RESEARCH USE,NOT FOR HUMAN,CONSUMPTION,CARTALAX_20MG_40x20_Catalog,CARTALAX_20MG_3mL_Website,pER VIAL / Per Vial; peptide-master-list / extended list,
TRUE,UD-0066,Cerebrolysin,CEREBROLYSIN,6,MG,3,CATALOG,40x20,UD_Catalog_40x20mm_M2.svg,LYOPHILIZED POWDER,36–46°F,WHITE,WHITE CAKE,UD_3mL_White_Peptide_Black_Cap_Unlabeled.png,0.6 mL,10 mg/mL,,,,UD|CEREBROLYSIN|6MG|CATALOG,TRUE,TRUE,1,UNDISCLOSED,UNDISCLOSED,RESEARCH USE,NOT FOR HUMAN,CONSUMPTION,CEREBROLYSIN_6MG_40x20_Catalog,CEREBROLYSIN_6MG_3mL_Website,pER VIAL / Per Vial,
TRUE,UD-0067,Cerebrolysin,CEREBROLYSIN,60,MG,3,CATALOG,40x20,UD_Catalog_40x20mm_M2.svg,LYOPHILIZED POWDER,36–46°F,WHITE,WHITE CAKE,UD_3mL_White_Peptide_Black_Cap_Unlabeled.png,,,,,,UD|CEREBROLYSIN|60MG|CATALOG,TRUE,TRUE,1,UNDISCLOSED,UNDISCLOSED,RESEARCH USE,NOT FOR HUMAN,CONSUMPTION,CEREBROLYSIN_60MG_40x20_Catalog,CEREBROLYSIN_60MG_3mL_Website,peptide-master-list / extended list,
TRUE,UD-0068,Cerebrolysin 60,CEREBROLYSIN 60,60,MG,3,CATALOG,40x20,UD_Catalog_40x20mm_M2.svg,LYOPHILIZED POWDER,36–46°F,WHITE,WHITE CAKE,UD_3mL_White_Peptide_Black_Cap_Unlabeled.png,,,,,,UD|CEREBROLYSIN 60|60MG|CATALOG,TRUE,TRUE,1,UNDISCLOSED,UNDISCLOSED,RESEARCH USE,NOT FOR HUMAN,CONSUMPTION,CEREBROLYSIN_60_60MG_40x20_Catalog,CEREBROLYSIN_60_60MG_3mL_Website,peptide-master-list / extended list,
TRUE,UD-0069,CJC-1295,CJC-1295,2,MG,3,CATALOG,40x20,UD_Catalog_40x20mm_M2.svg,LYOPHILIZED POWDER,36–46°F,WHITE,WHITE CAKE,UD_3mL_White_Peptide_Black_Cap_Unlabeled.png,,,,,,UD|CJC-1295|2MG|CATALOG,TRUE,TRUE,1,UNDISCLOSED,UNDISCLOSED,RESEARCH USE,NOT FOR HUMAN,CONSUMPTION,CJC_1295_2MG_40x20_Catalog,CJC_1295_2MG_3mL_Website,peptide-master-list / Live shop; peptide-master-list / extended list,
TRUE,UD-0070,CJC-1295,CJC-1295,5,MG,3,CATALOG,40x20,UD_Catalog_40x20mm_M2.svg,LYOPHILIZED POWDER,36–46°F,WHITE,WHITE CAKE,UD_3mL_White_Peptide_Black_Cap_Unlabeled.png,,,,,,UD|CJC-1295|5MG|CATALOG,TRUE,TRUE,1,UNDISCLOSED,UNDISCLOSED,RESEARCH USE,NOT FOR HUMAN,CONSUMPTION,CJC_1295_5MG_40x20_Catalog,CJC_1295_5MG_3mL_Website,peptide-master-list / Live shop; peptide-master-list / extended list,
TRUE,UD-0071,CJC-1295,CJC-1295,10,MG,3,CATALOG,40x20,UD_Catalog_40x20mm_M2.svg,LYOPHILIZED POWDER,36–46°F,WHITE,WHITE CAKE,UD_3mL_White_Peptide_Black_Cap_Unlabeled.png,,,,,,UD|CJC-1295|10MG|CATALOG,TRUE,TRUE,1,UNDISCLOSED,UNDISCLOSED,RESEARCH USE,NOT FOR HUMAN,CONSUMPTION,CJC_1295_10MG_40x20_Catalog,CJC_1295_10MG_3mL_Website,peptide-master-list / Live shop; peptide-master-list / extended list,
TRUE,UD-0072,CJC-1295 (no DAC),CJC-1295 (NO DAC),0.5,MG,3,CATALOG,40x20,UD_Catalog_40x20mm_M2.svg,LYOPHILIZED POWDER,36–46°F,WHITE,WHITE CAKE,UD_3mL_White_Peptide_Black_Cap_Unlabeled.png,0.5 mL,1 mg/mL,,,,UD|CJC-1295 (NO DAC)|0.5MG|CATALOG,TRUE,TRUE,1,UNDISCLOSED,UNDISCLOSED,RESEARCH USE,NOT FOR HUMAN,CONSUMPTION,CJC_1295_NO_DAC_0_5MG_40x20_Catalog,CJC_1295_NO_DAC_0_5MG_3mL_Website,pER VIAL / Per Vial,
TRUE,UD-0073,CJC-1295 (no DAC),CJC-1295 (NO DAC),1,MG,3,CATALOG,40x20,UD_Catalog_40x20mm_M2.svg,LYOPHILIZED POWDER,36–46°F,WHITE,WHITE CAKE,UD_3mL_White_Peptide_Black_Cap_Unlabeled.png,1 mL,1 mg/mL,,,,UD|CJC-1295 (NO DAC)|1MG|CATALOG,TRUE,TRUE,1,UNDISCLOSED,UNDISCLOSED,RESEARCH USE,NOT FOR HUMAN,CONSUMPTION,CJC_1295_NO_DAC_1MG_40x20_Catalog,CJC_1295_NO_DAC_1MG_3mL_Website,pER VIAL / Per Vial,
TRUE,UD-0074,CJC-1295 (no DAC),CJC-1295 (NO DAC),2,MG,3,CATALOG,40x20,UD_Catalog_40x20mm_M2.svg,LYOPHILIZED POWDER,36–46°F,WHITE,WHITE CAKE,UD_3mL_White_Peptide_Black_Cap_Unlabeled.png,2 mL,1 mg/mL,,,,UD|CJC-1295 (NO DAC)|2MG|CATALOG,TRUE,TRUE,1,UNDISCLOSED,UNDISCLOSED,RESEARCH USE,NOT FOR HUMAN,CONSUMPTION,CJC_1295_NO_DAC_2MG_40x20_Catalog,CJC_1295_NO_DAC_2MG_3mL_Website,pER VIAL / Per Vial,
TRUE,UD-0075,CJC-1295 / Ipamorelin,CI,10,MG,3,CATALOG,40x20,UD_Catalog_40x20mm_M2.svg,LYOPHILIZED POWDER,36–46°F,WHITE,WHITE CAKE,UD_3mL_White_Peptide_Black_Cap_Unlabeled.png,,,,,,UD|CI|10MG|CATALOG,TRUE,TRUE,1,UNDISCLOSED,UNDISCLOSED,RESEARCH USE,NOT FOR HUMAN,CONSUMPTION,CI_10MG_40x20_Catalog,CI_10MG_3mL_Website,peptide-master-list / Live shop; peptide-master-list / extended list,
TRUE,UD-0076,CJC-1295 + Ipamorelin,CJC/IPA,1,MG,3,CATALOG,40x20,UD_Catalog_40x20mm_M2.svg,LYOPHILIZED POWDER,36–46°F,WHITE,WHITE CAKE,UD_3mL_White_Peptide_Black_Cap_Unlabeled.png,1 mL,1 mg/mL,,,,UD|CJC/IPA|1MG|CATALOG,TRUE,TRUE,1,UNDISCLOSED,UNDISCLOSED,RESEARCH USE,NOT FOR HUMAN,CONSUMPTION,CJC_IPA_1MG_40x20_Catalog,CJC_IPA_1MG_3mL_Website,pER VIAL / Per Vial,
TRUE,UD-0077,CJC-1295 Whitout DAC,CWD,5,MG,3,CATALOG,40x20,UD_Catalog_40x20mm_M2.svg,LYOPHILIZED POWDER,36–46°F,WHITE,WHITE CAKE,UD_3mL_White_Peptide_Black_Cap_Unlabeled.png,,,,,,UD|CWD|5MG|CATALOG,TRUE,TRUE,1,UNDISCLOSED,UNDISCLOSED,RESEARCH USE,NOT FOR HUMAN,CONSUMPTION,CWD_5MG_40x20_Catalog,CWD_5MG_3mL_Website,peptide-master-list / Live shop; peptide-master-list / extended list,
TRUE,UD-0078,CJC-1295 with DAC,CJC-1295 WITH DAC,0.5,MG,3,CATALOG,40x20,UD_Catalog_40x20mm_M2.svg,LYOPHILIZED POWDER,36–46°F,WHITE,WHITE CAKE,UD_3mL_White_Peptide_Black_Cap_Unlabeled.png,0.5 mL,1 mg/mL,,,,UD|CJC-1295 WITH DAC|0.5MG|CATALOG,TRUE,TRUE,1,UNDISCLOSED,UNDISCLOSED,RESEARCH USE,NOT FOR HUMAN,CONSUMPTION,CJC_1295_WITH_DAC_0_5MG_40x20_Catalog,CJC_1295_WITH_DAC_0_5MG_3mL_Website,pER VIAL / Per Vial,
TRUE,UD-0079,CJC-1295 with DAC,CJC-1295 WITH DAC,2,MG,3,CATALOG,40x20,UD_Catalog_40x20mm_M2.svg,LYOPHILIZED POWDER,36–46°F,WHITE,WHITE CAKE,UD_3mL_White_Peptide_Black_Cap_Unlabeled.png,2 mL,1 mg/mL,,,,UD|CJC-1295 WITH DAC|2MG|CATALOG,TRUE,TRUE,1,UNDISCLOSED,UNDISCLOSED,RESEARCH USE,NOT FOR HUMAN,CONSUMPTION,CJC_1295_WITH_DAC_2MG_40x20_Catalog,CJC_1295_WITH_DAC_2MG_3mL_Website,pER VIAL / Per Vial; peptide-master-list / extended list,
TRUE,UD-0080,CJC-1295 with DAC,CJC-1295 WITH DAC,5,MG,3,CATALOG,40x20,UD_Catalog_40x20mm_M2.svg,LYOPHILIZED POWDER,36–46°F,WHITE,WHITE CAKE,UD_3mL_White_Peptide_Black_Cap_Unlabeled.png,,,,,,UD|CJC-1295 WITH DAC|5MG|CATALOG,TRUE,TRUE,1,UNDISCLOSED,UNDISCLOSED,RESEARCH USE,NOT FOR HUMAN,CONSUMPTION,CJC_1295_WITH_DAC_5MG_40x20_Catalog,CJC_1295_WITH_DAC_5MG_3mL_Website,peptide-master-list / extended list,
TRUE,UD-0081,CJC-1295 without DAC,CWD,10,MG,3,CATALOG,40x20,UD_Catalog_40x20mm_M2.svg,LYOPHILIZED POWDER,36–46°F,WHITE,WHITE CAKE,UD_3mL_White_Peptide_Black_Cap_Unlabeled.png,,,,,,UD|CWD|10MG|CATALOG,TRUE,TRUE,1,UNDISCLOSED,UNDISCLOSED,RESEARCH USE,NOT FOR HUMAN,CONSUMPTION,CWD_10MG_40x20_Catalog,CWD_10MG_3mL_Website,peptide-master-list / Live shop; peptide-master-list / extended list,
TRUE,UD-0082,CJC-1295 without DAC + Ipamorelin,CWD+I,10,MG,3,CATALOG,40x20,UD_Catalog_40x20mm_M2.svg,LYOPHILIZED POWDER,36–46°F,WHITE,WHITE CAKE,UD_3mL_White_Peptide_Black_Cap_Unlabeled.png,,,,,,UD|CWD+I|10MG|CATALOG,TRUE,TRUE,1,UNDISCLOSED,UNDISCLOSED,RESEARCH USE,NOT FOR HUMAN,CONSUMPTION,CWD_I_10MG_40x20_Catalog,CWD_I_10MG_3mL_Website,peptide-master-list / Live shop; peptide-master-list / extended list,
TRUE,UD-0083,Cortagen,CORTAGEN,20,MG,3,CATALOG,40x20,UD_Catalog_40x20mm_M2.svg,LYOPHILIZED POWDER,36–46°F,WHITE,WHITE CAKE,UD_3mL_White_Peptide_Black_Cap_Unlabeled.png,2 mL,10 mg/mL,,,,UD|CORTAGEN|20MG|CATALOG,TRUE,TRUE,1,UNDISCLOSED,UNDISCLOSED,RESEARCH USE,NOT FOR HUMAN,CONSUMPTION,CORTAGEN_20MG_40x20_Catalog,CORTAGEN_20MG_3mL_Website,pER VIAL / Per Vial; peptide-master-list / extended list,
TRUE,UD-0084,CP20,CP20,20,MG,3,CATALOG,40x20,UD_Catalog_40x20mm_M2.svg,LYOPHILIZED POWDER,36–46°F,WHITE,WHITE CAKE,UD_3mL_White_Peptide_Black_Cap_Unlabeled.png,2 mL,10 mg/mL,,,,UD|CP20|20MG|CATALOG,TRUE,TRUE,1,UNDISCLOSED,UNDISCLOSED,RESEARCH USE,NOT FOR HUMAN,CONSUMPTION,CP20_20MG_40x20_Catalog,CP20_20MG_3mL_Website,pER VIAL / Per Vial; peptide-master-list / extended list,
TRUE,UD-0085,Crystagen,CRYSTAGEN,20,MG,3,CATALOG,40x20,UD_Catalog_40x20mm_M2.svg,LYOPHILIZED POWDER,36–46°F,WHITE,WHITE CAKE,UD_3mL_White_Peptide_Black_Cap_Unlabeled.png,2 mL,10 mg/mL,,,,UD|CRYSTAGEN|20MG|CATALOG,TRUE,TRUE,1,UNDISCLOSED,UNDISCLOSED,RESEARCH USE,NOT FOR HUMAN,CONSUMPTION,CRYSTAGEN_20MG_40x20_Catalog,CRYSTAGEN_20MG_3mL_Website,pER VIAL / Per Vial; peptide-master-list / extended list,
TRUE,UD-0086,Dermorphin,DERMORPHIN,2,MG,3,CATALOG,40x20,UD_Catalog_40x20mm_M2.svg,LYOPHILIZED POWDER,36–46°F,WHITE,WHITE CAKE,UD_3mL_White_Peptide_Black_Cap_Unlabeled.png,0.8 mL,2.5 mg/mL,,,,UD|DERMORPHIN|2MG|CATALOG,TRUE,TRUE,1,UNDISCLOSED,UNDISCLOSED,RESEARCH USE,NOT FOR HUMAN,CONSUMPTION,DERMORPHIN_2MG_40x20_Catalog,DERMORPHIN_2MG_3mL_Website,pER VIAL / Per Vial; peptide-master-list / extended list,
TRUE,UD-0087,Dermorphin,DERMORPHIN,10,MG,3,CATALOG,40x20,UD_Catalog_40x20mm_M2.svg,LYOPHILIZED POWDER,36–46°F,WHITE,WHITE CAKE,UD_3mL_White_Peptide_Black_Cap_Unlabeled.png,1 mL,10 mg/mL,,,,UD|DERMORPHIN|10MG|CATALOG,TRUE,TRUE,1,UNDISCLOSED,UNDISCLOSED,RESEARCH USE,NOT FOR HUMAN,CONSUMPTION,DERMORPHIN_10MG_40x20_Catalog,DERMORPHIN_10MG_3mL_Website,pER VIAL / Per Vial; peptide-master-list / extended list,
TRUE,UD-0088,Dihexa,DIHEXA,10,MG,3,CATALOG,40x20,UD_Catalog_40x20mm_M2.svg,LYOPHILIZED POWDER,36–46°F,WHITE,WHITE CAKE,UD_3mL_White_Peptide_Black_Cap_Unlabeled.png,1 mL,10 mg/mL,,,,UD|DIHEXA|10MG|CATALOG,TRUE,TRUE,1,UNDISCLOSED,UNDISCLOSED,RESEARCH USE,NOT FOR HUMAN,CONSUMPTION,DIHEXA_10MG_40x20_Catalog,DIHEXA_10MG_3mL_Website,pER VIAL / Per Vial; peptide-master-list / extended list,
TRUE,UD-0089,DSIP,DSIP,2,MG,3,CATALOG,40x20,UD_Catalog_40x20mm_M2.svg,LYOPHILIZED POWDER,36–46°F,WHITE,WHITE CAKE,UD_3mL_White_Peptide_Black_Cap_Unlabeled.png,0.8 mL,2.5 mg/mL,,,,UD|DSIP|2MG|CATALOG,TRUE,TRUE,1,UNDISCLOSED,UNDISCLOSED,RESEARCH USE,NOT FOR HUMAN,CONSUMPTION,DSIP_2MG_40x20_Catalog,DSIP_2MG_3mL_Website,peptide-master-list / Live shop; pER VIAL / Per Vial; peptide-master-list / extended list,
TRUE,UD-0090,DSIP,DSIP,5,MG,3,CATALOG,40x20,UD_Catalog_40x20mm_M2.svg,LYOPHILIZED POWDER,36–46°F,WHITE,WHITE CAKE,UD_3mL_White_Peptide_Black_Cap_Unlabeled.png,2 mL,2.5 mg/mL,,,,UD|DSIP|5MG|CATALOG,TRUE,TRUE,1,UNDISCLOSED,UNDISCLOSED,RESEARCH USE,NOT FOR HUMAN,CONSUMPTION,DSIP_5MG_40x20_Catalog,DSIP_5MG_3mL_Website,peptide-master-list / Live shop; pER VIAL / Per Vial; peptide-master-list / extended list,
TRUE,UD-0091,DSIP,DSIP,10,MG,3,CATALOG,40x20,UD_Catalog_40x20mm_M2.svg,LYOPHILIZED POWDER,36–46°F,WHITE,WHITE CAKE,UD_3mL_White_Peptide_Black_Cap_Unlabeled.png,1 mL,10 mg/mL,,,,UD|DSIP|10MG|CATALOG,TRUE,TRUE,1,UNDISCLOSED,UNDISCLOSED,RESEARCH USE,NOT FOR HUMAN,CONSUMPTION,DSIP_10MG_40x20_Catalog,DSIP_10MG_3mL_Website,peptide-master-list / Live shop; pER VIAL / Per Vial; peptide-master-list / extended list,
TRUE,UD-0092,Eloralintide,ELORALINTIDE,10,MG,3,CATALOG,40x20,UD_Catalog_40x20mm_M2.svg,LYOPHILIZED POWDER,36–46°F,WHITE,WHITE CAKE,UD_3mL_White_Peptide_Black_Cap_Unlabeled.png,1 mL,10 mg/mL,,,,UD|ELORALINTIDE|10MG|CATALOG,TRUE,TRUE,1,UNDISCLOSED,UNDISCLOSED,RESEARCH USE,NOT FOR HUMAN,CONSUMPTION,ELORALINTIDE_10MG_40x20_Catalog,ELORALINTIDE_10MG_3mL_Website,pER VIAL / Per Vial; peptide-master-list / extended list,
TRUE,UD-0093,Eloralintide,ELORALINTIDE,15,MG,3,CATALOG,40x20,UD_Catalog_40x20mm_M2.svg,LYOPHILIZED POWDER,36–46°F,WHITE,WHITE CAKE,UD_3mL_White_Peptide_Black_Cap_Unlabeled.png,1.5 mL,10 mg/mL,,,,UD|ELORALINTIDE|15MG|CATALOG,TRUE,TRUE,1,UNDISCLOSED,UNDISCLOSED,RESEARCH USE,NOT FOR HUMAN,CONSUMPTION,ELORALINTIDE_15MG_40x20_Catalog,ELORALINTIDE_15MG_3mL_Website,pER VIAL / Per Vial; peptide-master-list / extended list,
TRUE,UD-0094,Epitalon,EPITALON,5,MG,3,CATALOG,40x20,UD_Catalog_40x20mm_M2.svg,LYOPHILIZED POWDER,36–46°F,WHITE,WHITE CAKE,UD_3mL_White_Peptide_Black_Cap_Unlabeled.png,1 mL,5 mg/mL,,,,UD|EPITALON|5MG|CATALOG,TRUE,TRUE,1,UNDISCLOSED,UNDISCLOSED,RESEARCH USE,NOT FOR HUMAN,CONSUMPTION,EPITALON_5MG_40x20_Catalog,EPITALON_5MG_3mL_Website,pER VIAL / Per Vial,
TRUE,UD-0095,Epitalon,EPITALON,10,MG,3,CATALOG,40x20,UD_Catalog_40x20mm_M2.svg,LYOPHILIZED POWDER,36–46°F,WHITE,WHITE CAKE,UD_3mL_White_Peptide_Black_Cap_Unlabeled.png,2 mL,5 mg/mL,,,,UD|EPITALON|10MG|CATALOG,TRUE,TRUE,1,UNDISCLOSED,UNDISCLOSED,RESEARCH USE,NOT FOR HUMAN,CONSUMPTION,EPITALON_10MG_40x20_Catalog,EPITALON_10MG_3mL_Website,peptide-master-list / Live shop; pER VIAL / Per Vial; peptide-master-list / extended list,
TRUE,UD-0096,Epitalon,EPITALON,50,MG,3,CATALOG,40x20,UD_Catalog_40x20mm_M2.svg,LYOPHILIZED POWDER,36–46°F,WHITE,WHITE CAKE,UD_3mL_White_Peptide_Black_Cap_Unlabeled.png,,,,,,UD|EPITALON|50MG|CATALOG,TRUE,TRUE,1,UNDISCLOSED,UNDISCLOSED,RESEARCH USE,NOT FOR HUMAN,CONSUMPTION,EPITALON_50MG_40x20_Catalog,EPITALON_50MG_3mL_Website,peptide-master-list / Live shop; peptide-master-list / extended list,
TRUE,UD-0097,Epithalon,EPITHALON,10,MG,3,CATALOG,40x20,UD_Catalog_40x20mm_M2.svg,LYOPHILIZED POWDER,36–46°F,WHITE,WHITE CAKE,UD_3mL_White_Peptide_Black_Cap_Unlabeled.png,,,,,,UD|EPITHALON|10MG|CATALOG,TRUE,TRUE,1,UNDISCLOSED,UNDISCLOSED,RESEARCH USE,NOT FOR HUMAN,CONSUMPTION,EPITHALON_10MG_40x20_Catalog,EPITHALON_10MG_3mL_Website,peptide-master-list / extended list,
TRUE,UD-0098,Epithalon,EPITHALON,50,MG,3,CATALOG,40x20,UD_Catalog_40x20mm_M2.svg,LYOPHILIZED POWDER,36–46°F,WHITE,WHITE CAKE,UD_3mL_White_Peptide_Black_Cap_Unlabeled.png,,,,,,UD|EPITHALON|50MG|CATALOG,TRUE,TRUE,1,UNDISCLOSED,UNDISCLOSED,RESEARCH USE,NOT FOR HUMAN,CONSUMPTION,EPITHALON_50MG_40x20_Catalog,EPITHALON_50MG_3mL_Website,peptide-master-list / extended list,
TRUE,UD-0099,EPO,EPO,3000,IU,3,CATALOG,40x20,UD_Catalog_40x20mm_M2.svg,LYOPHILIZED POWDER,36–46°F,WHITE,WHITE CAKE,UD_3mL_White_Peptide_Black_Cap_Unlabeled.png,,,,,,UD|EPO|3000IU|CATALOG,TRUE,TRUE,1,UNDISCLOSED,UNDISCLOSED,RESEARCH USE,NOT FOR HUMAN,CONSUMPTION,EPO_3000IU_40x20_Catalog,EPO_3000IU_3mL_Website,peptide-master-list / extended list,
TRUE,UD-0100,Follistatin 344,FOLLISTATIN 344,0,MG,3,CATALOG,40x20,UD_Catalog_40x20mm_M2.svg,LYOPHILIZED POWDER,36–46°F,WHITE,WHITE CAKE,UD_3mL_White_Peptide_Black_Cap_Unlabeled.png,nan mL,—,,,,UD|FOLLISTATIN 344|0MG|CATALOG,TRUE,TRUE,1,UNDISCLOSED,UNDISCLOSED,RESEARCH USE,NOT FOR HUMAN,CONSUMPTION,FOLLISTATIN_344_0MG_40x20_Catalog,FOLLISTATIN_344_0MG_3mL_Website,pER VIAL / Per Vial; peptide-master-list / extended list,HAZARD: Gene-therapy derived; no established human parenteral use.
TRUE,UD-0101,FOX04-Dir,FOX04-DIR,10,MG,3,CATALOG,40x20,UD_Catalog_40x20mm_M2.svg,LYOPHILIZED POWDER,36–46°F,WHITE,WHITE CAKE,UD_3mL_White_Peptide_Black_Cap_Unlabeled.png,,,,,,UD|FOX04-DIR|10MG|CATALOG,TRUE,TRUE,1,UNDISCLOSED,UNDISCLOSED,RESEARCH USE,NOT FOR HUMAN,CONSUMPTION,FOX04_DIR_10MG_40x20_Catalog,FOX04_DIR_10MG_3mL_Website,peptide-master-list / Live shop; peptide-master-list / extended list,
TRUE,UD-0102,FOX04-DRI,FOX04-DRI,2,MG,3,CATALOG,40x20,UD_Catalog_40x20mm_M2.svg,LYOPHILIZED POWDER,36–46°F,WHITE,WHITE CAKE,UD_3mL_White_Peptide_Black_Cap_Unlabeled.png,,,,,,UD|FOX04-DRI|2MG|CATALOG,TRUE,TRUE,1,UNDISCLOSED,UNDISCLOSED,RESEARCH USE,NOT FOR HUMAN,CONSUMPTION,FOX04_DRI_2MG_40x20_Catalog,FOX04_DRI_2MG_3mL_Website,peptide-master-list / Live shop; peptide-master-list / extended list,
TRUE,UD-0103,FOX04-DRI,FOX04-DRI,10,MG,3,CATALOG,40x20,UD_Catalog_40x20mm_M2.svg,LYOPHILIZED POWDER,36–46°F,WHITE,WHITE CAKE,UD_3mL_White_Peptide_Black_Cap_Unlabeled.png,,,,,,UD|FOX04-DRI|10MG|CATALOG,TRUE,TRUE,1,UNDISCLOSED,UNDISCLOSED,RESEARCH USE,NOT FOR HUMAN,CONSUMPTION,FOX04_DRI_10MG_40x20_Catalog,FOX04_DRI_10MG_3mL_Website,peptide-master-list / Live shop; peptide-master-list / extended list,
TRUE,UD-0104,FOXO4-DRI,FOXO4-DRI,2,MG,3,CATALOG,40x20,UD_Catalog_40x20mm_M2.svg,LYOPHILIZED POWDER,36–46°F,WHITE,WHITE CAKE,UD_3mL_White_Peptide_Black_Cap_Unlabeled.png,0.8 mL,2.5 mg/mL,,,,UD|FOXO4-DRI|2MG|CATALOG,TRUE,TRUE,1,UNDISCLOSED,UNDISCLOSED,RESEARCH USE,NOT FOR HUMAN,CONSUMPTION,FOXO4_DRI_2MG_40x20_Catalog,FOXO4_DRI_2MG_3mL_Website,pER VIAL / Per Vial,
TRUE,UD-0105,FOXO4-DRI,FOXO4-DRI,10,MG,3,CATALOG,40x20,UD_Catalog_40x20mm_M2.svg,LYOPHILIZED POWDER,36–46°F,WHITE,WHITE CAKE,UD_3mL_White_Peptide_Black_Cap_Unlabeled.png,1 mL,10 mg/mL,,,,UD|FOXO4-DRI|10MG|CATALOG,TRUE,TRUE,1,UNDISCLOSED,UNDISCLOSED,RESEARCH USE,NOT FOR HUMAN,CONSUMPTION,FOXO4_DRI_10MG_40x20_Catalog,FOXO4_DRI_10MG_3mL_Website,pER VIAL / Per Vial,
TRUE,UD-0106,GDF-8,GDF-8,1,MG,3,CATALOG,40x20,UD_Catalog_40x20mm_M2.svg,LYOPHILIZED POWDER,36–46°F,WHITE,WHITE CAKE,UD_3mL_White_Peptide_Black_Cap_Unlabeled.png,,,,,,UD|GDF-8|1MG|CATALOG,TRUE,TRUE,1,UNDISCLOSED,UNDISCLOSED,RESEARCH USE,NOT FOR HUMAN,CONSUMPTION,GDF_8_1MG_40x20_Catalog,GDF_8_1MG_3mL_Website,peptide-master-list / extended list,
TRUE,UD-0107,GDF-8 (Myostatin),GDF-8 (MYOSTATIN),1,MG,3,CATALOG,40x20,UD_Catalog_40x20mm_M2.svg,LYOPHILIZED POWDER,36–46°F,WHITE,WHITE CAKE,UD_3mL_White_Peptide_Black_Cap_Unlabeled.png,0.4 mL,2.5 mg/mL,,,,UD|GDF-8 (MYOSTATIN)|1MG|CATALOG,TRUE,TRUE,1,UNDISCLOSED,UNDISCLOSED,RESEARCH USE,NOT FOR HUMAN,CONSUMPTION,GDF_8_MYOSTATIN_1MG_40x20_Catalog,GDF_8_MYOSTATIN_1MG_3mL_Website,pER VIAL / Per Vial,0.4 mL is below the ~0.5 mL floor for wetting the cake and drawing a dose reliably.
TRUE,UD-0108,GHK BASIC,GHK BASIC,50,MG,3,CATALOG,40x20,UD_Catalog_40x20mm_M2.svg,LYOPHILIZED POWDER,36–46°F,WHITE,WHITE CAKE,UD_3mL_White_Peptide_Black_Cap_Unlabeled.png,,,,,,UD|GHK BASIC|50MG|CATALOG,TRUE,TRUE,1,UNDISCLOSED,UNDISCLOSED,RESEARCH USE,NOT FOR HUMAN,CONSUMPTION,GHK_BASIC_50MG_40x20_Catalog,GHK_BASIC_50MG_3mL_Website,peptide-master-list / extended list,
TRUE,UD-0109,GHK-Cu,GHK-CU,5,MG,3,CATALOG,40x20,UD_Catalog_40x20mm_M2.svg,LYOPHILIZED POWDER,36–46°F,COBALT BLUE,COBALT BLUE CAKE,UD_3mL_Blue_Peptide_Black_Cap_Unlabeled.png,0.5 mL,10 mg/mL,,,,UD|GHK-CU|5MG|CATALOG,TRUE,TRUE,1,UNDISCLOSED,UNDISCLOSED,RESEARCH USE,NOT FOR HUMAN,CONSUMPTION,GHK_CU_5MG_40x20_Catalog,GHK_CU_5MG_3mL_Website,pER VIAL / Per Vial,
TRUE,UD-0110,GHK-Cu,GHK-CU,10,MG,3,CATALOG,40x20,UD_Catalog_40x20mm_M2.svg,LYOPHILIZED POWDER,36–46°F,COBALT BLUE,COBALT BLUE CAKE,UD_3mL_Blue_Peptide_Black_Cap_Unlabeled.png,1 mL,10 mg/mL,,,,UD|GHK-CU|10MG|CATALOG,TRUE,TRUE,1,UNDISCLOSED,UNDISCLOSED,RESEARCH USE,NOT FOR HUMAN,CONSUMPTION,GHK_CU_10MG_40x20_Catalog,GHK_CU_10MG_3mL_Website,pER VIAL / Per Vial,
TRUE,UD-0111,GHK-Cu,GHK-CU,50,MG,3,CATALOG,40x20,UD_Catalog_40x20mm_M2.svg,LYOPHILIZED POWDER,36–46°F,COBALT BLUE,COBALT BLUE CAKE,UD_3mL_Blue_Peptide_Black_Cap_Unlabeled.png,,,,,,UD|GHK-CU|50MG|CATALOG,TRUE,TRUE,1,UNDISCLOSED,UNDISCLOSED,RESEARCH USE,NOT FOR HUMAN,CONSUMPTION,GHK_CU_50MG_40x20_Catalog,GHK_CU_50MG_3mL_Website,peptide-master-list / Live shop; peptide-master-list / extended list,
TRUE,UD-0112,GHK-Cu,GHK-CU,100,MG,3,CATALOG,40x20,UD_Catalog_40x20mm_M2.svg,LYOPHILIZED POWDER,36–46°F,COBALT BLUE,COBALT BLUE CAKE,UD_3mL_Blue_Peptide_Black_Cap_Unlabeled.png,,,,,,UD|GHK-CU|100MG|CATALOG,TRUE,TRUE,1,UNDISCLOSED,UNDISCLOSED,RESEARCH USE,NOT FOR HUMAN,CONSUMPTION,GHK_CU_100MG_40x20_Catalog,GHK_CU_100MG_3mL_Website,peptide-master-list / Live shop; peptide-master-list / extended list,
TRUE,UD-0113,GHRP-2,GHRP-2,5,MG,3,CATALOG,40x20,UD_Catalog_40x20mm_M2.svg,LYOPHILIZED POWDER,36–46°F,WHITE,WHITE CAKE,UD_3mL_White_Peptide_Black_Cap_Unlabeled.png,2 mL,2.5 mg/mL,,,,UD|GHRP-2|5MG|CATALOG,TRUE,TRUE,1,UNDISCLOSED,UNDISCLOSED,RESEARCH USE,NOT FOR HUMAN,CONSUMPTION,GHRP_2_5MG_40x20_Catalog,GHRP_2_5MG_3mL_Website,pER VIAL / Per Vial; peptide-master-list / extended list,
TRUE,UD-0114,GHRP-2,GHRP-2,10,MG,3,CATALOG,40x20,UD_Catalog_40x20mm_M2.svg,LYOPHILIZED POWDER,36–46°F,WHITE,WHITE CAKE,UD_3mL_White_Peptide_Black_Cap_Unlabeled.png,1 mL,10 mg/mL,,,,UD|GHRP-2|10MG|CATALOG,TRUE,TRUE,1,UNDISCLOSED,UNDISCLOSED,RESEARCH USE,NOT FOR HUMAN,CONSUMPTION,GHRP_2_10MG_40x20_Catalog,GHRP_2_10MG_3mL_Website,pER VIAL / Per Vial; peptide-master-list / extended list,
TRUE,UD-0115,GHRP-2,GHRP-2,15,MG,3,CATALOG,40x20,UD_Catalog_40x20mm_M2.svg,LYOPHILIZED POWDER,36–46°F,WHITE,WHITE CAKE,UD_3mL_White_Peptide_Black_Cap_Unlabeled.png,1.5 mL,10 mg/mL,,,,UD|GHRP-2|15MG|CATALOG,TRUE,TRUE,1,UNDISCLOSED,UNDISCLOSED,RESEARCH USE,NOT FOR HUMAN,CONSUMPTION,GHRP_2_15MG_40x20_Catalog,GHRP_2_15MG_3mL_Website,pER VIAL / Per Vial; peptide-master-list / extended list,
TRUE,UD-0116,GHRP-2 Acetate,GHRP-2 ACETATE,5,MG,3,CATALOG,40x20,UD_Catalog_40x20mm_M2.svg,LYOPHILIZED POWDER,36–46°F,WHITE,WHITE CAKE,UD_3mL_White_Peptide_Black_Cap_Unlabeled.png,,,,,,UD|GHRP-2 ACETATE|5MG|CATALOG,TRUE,TRUE,1,UNDISCLOSED,UNDISCLOSED,RESEARCH USE,NOT FOR HUMAN,CONSUMPTION,GHRP_2_ACETATE_5MG_40x20_Catalog,GHRP_2_ACETATE_5MG_3mL_Website,peptide-master-list / extended list,
TRUE,UD-0117,GHRP-2 Acetate,GHRP-2 ACETATE,10,MG,3,CATALOG,40x20,UD_Catalog_40x20mm_M2.svg,LYOPHILIZED POWDER,36–46°F,WHITE,WHITE CAKE,UD_3mL_White_Peptide_Black_Cap_Unlabeled.png,,,,,,UD|GHRP-2 ACETATE|10MG|CATALOG,TRUE,TRUE,1,UNDISCLOSED,UNDISCLOSED,RESEARCH USE,NOT FOR HUMAN,CONSUMPTION,GHRP_2_ACETATE_10MG_40x20_Catalog,GHRP_2_ACETATE_10MG_3mL_Website,peptide-master-list / extended list,
TRUE,UD-0118,GHRP-6,GHRP-6,5,MG,3,CATALOG,40x20,UD_Catalog_40x20mm_M2.svg,LYOPHILIZED POWDER,36–46°F,WHITE,WHITE CAKE,UD_3mL_White_Peptide_Black_Cap_Unlabeled.png,2 mL,2.5 mg/mL,,,,UD|GHRP-6|5MG|CATALOG,TRUE,TRUE,1,UNDISCLOSED,UNDISCLOSED,RESEARCH USE,NOT FOR HUMAN,CONSUMPTION,GHRP_6_5MG_40x20_Catalog,GHRP_6_5MG_3mL_Website,pER VIAL / Per Vial; peptide-master-list / extended list,
TRUE,UD-0119,GHRP-6,GHRP-6,10,MG,3,CATALOG,40x20,UD_Catalog_40x20mm_M2.svg,LYOPHILIZED POWDER,36–46°F,WHITE,WHITE CAKE,UD_3mL_White_Peptide_Black_Cap_Unlabeled.png,1 mL,10 mg/mL,,,,UD|GHRP-6|10MG|CATALOG,TRUE,TRUE,1,UNDISCLOSED,UNDISCLOSED,RESEARCH USE,NOT FOR HUMAN,CONSUMPTION,GHRP_6_10MG_40x20_Catalog,GHRP_6_10MG_3mL_Website,pER VIAL / Per Vial; peptide-master-list / extended list,
TRUE,UD-0120,GHRP-6 Acetate,GHRP-6 ACETATE,5,MG,3,CATALOG,40x20,UD_Catalog_40x20mm_M2.svg,LYOPHILIZED POWDER,36–46°F,WHITE,WHITE CAKE,UD_3mL_White_Peptide_Black_Cap_Unlabeled.png,,,,,,UD|GHRP-6 ACETATE|5MG|CATALOG,TRUE,TRUE,1,UNDISCLOSED,UNDISCLOSED,RESEARCH USE,NOT FOR HUMAN,CONSUMPTION,GHRP_6_ACETATE_5MG_40x20_Catalog,GHRP_6_ACETATE_5MG_3mL_Website,peptide-master-list / extended list,
TRUE,UD-0121,GHRP-6 Acetate,GHRP-6 ACETATE,10,MG,3,CATALOG,40x20,UD_Catalog_40x20mm_M2.svg,LYOPHILIZED POWDER,36–46°F,WHITE,WHITE CAKE,UD_3mL_White_Peptide_Black_Cap_Unlabeled.png,,,,,,UD|GHRP-6 ACETATE|10MG|CATALOG,TRUE,TRUE,1,UNDISCLOSED,UNDISCLOSED,RESEARCH USE,NOT FOR HUMAN,CONSUMPTION,GHRP_6_ACETATE_10MG_40x20_Catalog,GHRP_6_ACETATE_10MG_3mL_Website,peptide-master-list / extended list,
TRUE,UD-0122,GLOW,GLOW,70,MG,3,CATALOG,40x20,UD_Catalog_40x20mm_M2.svg,LYOPHILIZED POWDER,36–46°F,COBALT BLUE,COBALT BLUE CAKE,UD_3mL_Blue_Peptide_Black_Cap_Unlabeled.png,3 mL,23.33 mg/mL total,,,,UD|GLOW|70MG|CATALOG,TRUE,TRUE,1,UNDISCLOSED,UNDISCLOSED,RESEARCH USE,NOT FOR HUMAN,CONSUMPTION,GLOW_70MG_40x20_Catalog,GLOW_70MG_3mL_Website,pER VIAL / Per Vial; peptide-master-list / extended list,Blend of 3 peptides - see Blend Composition tab for per-component mg/mL. Total mg/mL is not the working number for a blend. Source held two contradicting rows (diluent 10x apart); resolved to a single 3 mL vial.
TRUE,UD-0123,GLOW(BPC 157 10mg+GHK-CU50mg+TB500 10mg),GLOW,70,MG,3,CATALOG,40x20,UD_Catalog_40x20mm_M2.svg,LYOPHILIZED POWDER,36–46°F,COBALT BLUE,COBALT BLUE CAKE,UD_3mL_Blue_Peptide_Black_Cap_Unlabeled.png,,,,,,UD|GLOW|70MG|CATALOG,TRUE,TRUE,1,UNDISCLOSED,UNDISCLOSED,RESEARCH USE,NOT FOR HUMAN,CONSUMPTION,GLOW_70MG_40x20_Catalog,GLOW_70MG_3mL_Website,peptide-master-list / Live shop; peptide-master-list / extended list,
TRUE,UD-0124,Glutathione,GLUTATHIONE,600,MG,10,CATALOG,50x30,UD_Catalog_50x30mm_M2.svg,LYOPHILIZED POWDER,36–46°F,WHITE,WHITE CAKE,UD_10mL_White_Peptide_Black_Cap_Unlabeled.png,,,,,,UD|GLUTATHIONE|600MG|CATALOG,TRUE,TRUE,1,UNDISCLOSED,UNDISCLOSED,RESEARCH USE,NOT FOR HUMAN,CONSUMPTION,GLUTATHIONE_600MG_50x30_Catalog,GLUTATHIONE_600MG_10mL_Website,peptide-master-list / Live shop; peptide-master-list / extended list,
TRUE,UD-0125,Glutathione,GLUTATHIONE,1200,MG,10,CATALOG,50x30,UD_Catalog_50x30mm_M2.svg,LYOPHILIZED POWDER,36–46°F,WHITE,WHITE CAKE,UD_10mL_White_Peptide_Black_Cap_Unlabeled.png,,,,,,UD|GLUTATHIONE|1200MG|CATALOG,TRUE,TRUE,1,UNDISCLOSED,UNDISCLOSED,RESEARCH USE,NOT FOR HUMAN,CONSUMPTION,GLUTATHIONE_1200MG_50x30_Catalog,GLUTATHIONE_1200MG_10mL_Website,peptide-master-list / extended list,
TRUE,UD-0126,Glutathione,GLUTATHIONE,1500,MG,10,CATALOG,50x30,UD_Catalog_50x30mm_M2.svg,LYOPHILIZED POWDER,36–46°F,WHITE,WHITE CAKE,UD_10mL_White_Peptide_Black_Cap_Unlabeled.png,,,,,,UD|GLUTATHIONE|1500MG|CATALOG,TRUE,TRUE,1,UNDISCLOSED,UNDISCLOSED,RESEARCH USE,NOT FOR HUMAN,CONSUMPTION,GLUTATHIONE_1500MG_50x30_Catalog,GLUTATHIONE_1500MG_10mL_Website,peptide-master-list / Live shop; peptide-master-list / extended list,
TRUE,UD-0127,Gonadorelin Acetate,GONA,2,MG,3,CATALOG,40x20,UD_Catalog_40x20mm_M2.svg,LYOPHILIZED POWDER,36–46°F,WHITE,WHITE CAKE,UD_3mL_White_Peptide_Black_Cap_Unlabeled.png,0.1 mL,20 mg/mL,,,,UD|GONA|2MG|CATALOG,TRUE,TRUE,1,UNDISCLOSED,UNDISCLOSED,RESEARCH USE,NOT FOR HUMAN,CONSUMPTION,GONA_2MG_40x20_Catalog,GONA_2MG_3mL_Website,pER VIAL / Per Vial; peptide-master-list / extended list,0.1 mL is below the ~0.5 mL floor for wetting the cake and drawing a dose reliably.
TRUE,UD-0128,Gonadorelin Acetate,GONA,5,MG,3,CATALOG,40x20,UD_Catalog_40x20mm_M2.svg,LYOPHILIZED POWDER,36–46°F,WHITE,WHITE CAKE,UD_3mL_White_Peptide_Black_Cap_Unlabeled.png,0.1 mL,50 mg/mL,,,,UD|GONA|5MG|CATALOG,TRUE,TRUE,1,UNDISCLOSED,UNDISCLOSED,RESEARCH USE,NOT FOR HUMAN,CONSUMPTION,GONA_5MG_40x20_Catalog,GONA_5MG_3mL_Website,pER VIAL / Per Vial; peptide-master-list / extended list,0.1 mL is below the ~0.5 mL floor for wetting the cake and drawing a dose reliably.
TRUE,UD-0129,HCG,HCG,2000,IU,3,CATALOG,40x20,UD_Catalog_40x20mm_M2.svg,LYOPHILIZED POWDER,36–46°F,WHITE,WHITE CAKE,UD_3mL_White_Peptide_Black_Cap_Unlabeled.png,,,,,,UD|HCG|2000IU|CATALOG,TRUE,TRUE,1,UNDISCLOSED,UNDISCLOSED,RESEARCH USE,NOT FOR HUMAN,CONSUMPTION,HCG_2000IU_40x20_Catalog,HCG_2000IU_3mL_Website,peptide-master-list / extended list,
TRUE,UD-0130,HCG,HCG,5000,IU,3,CATALOG,40x20,UD_Catalog_40x20mm_M2.svg,LYOPHILIZED POWDER,36–46°F,WHITE,WHITE CAKE,UD_3mL_White_Peptide_Black_Cap_Unlabeled.png,,,,,,UD|HCG|5000IU|CATALOG,TRUE,TRUE,1,UNDISCLOSED,UNDISCLOSED,RESEARCH USE,NOT FOR HUMAN,CONSUMPTION,HCG_5000IU_40x20_Catalog,HCG_5000IU_3mL_Website,peptide-master-list / extended list,
TRUE,UD-0131,HCG,HCG,10000,IU,3,CATALOG,40x20,UD_Catalog_40x20mm_M2.svg,LYOPHILIZED POWDER,36–46°F,WHITE,WHITE CAKE,UD_3mL_White_Peptide_Black_Cap_Unlabeled.png,,,,,,UD|HCG|10000IU|CATALOG,TRUE,TRUE,1,UNDISCLOSED,UNDISCLOSED,RESEARCH USE,NOT FOR HUMAN,CONSUMPTION,HCG_10000IU_40x20_Catalog,HCG_10000IU_3mL_Website,peptide-master-list / extended list,
TRUE,UD-0132,Hexarelin Acetate,HEXARELIN ACETATE,5,MG,3,CATALOG,40x20,UD_Catalog_40x20mm_M2.svg,LYOPHILIZED POWDER,36–46°F,WHITE,WHITE CAKE,UD_3mL_White_Peptide_Black_Cap_Unlabeled.png,2 mL,2.5 mg/mL,,,,UD|HEXARELIN ACETATE|5MG|CATALOG,TRUE,TRUE,1,UNDISCLOSED,UNDISCLOSED,RESEARCH USE,NOT FOR HUMAN,CONSUMPTION,HEXARELIN_ACETATE_5MG_40x20_Catalog,HEXARELIN_ACETATE_5MG_3mL_Website,pER VIAL / Per Vial; peptide-master-list / extended list,
TRUE,UD-0133,HGH,HGH,62,IU,3,CATALOG,40x20,UD_Catalog_40x20mm_M2.svg,LYOPHILIZED POWDER,36–46°F,WHITE,WHITE CAKE,UD_3mL_White_Peptide_Black_Cap_Unlabeled.png,,,,,,UD|HGH|62IU|CATALOG,TRUE,TRUE,1,UNDISCLOSED,UNDISCLOSED,RESEARCH USE,NOT FOR HUMAN,CONSUMPTION,HGH_62IU_40x20_Catalog,HGH_62IU_3mL_Website,peptide-master-list / extended list,
TRUE,UD-0134,HGH,HGH,150,IU,3,CATALOG,40x20,UD_Catalog_40x20mm_M2.svg,LYOPHILIZED POWDER,36–46°F,WHITE,WHITE CAKE,UD_3mL_White_Peptide_Black_Cap_Unlabeled.png,,,,,,UD|HGH|150IU|CATALOG,TRUE,TRUE,1,UNDISCLOSED,UNDISCLOSED,RESEARCH USE,NOT FOR HUMAN,CONSUMPTION,HGH_150IU_40x20_Catalog,HGH_150IU_3mL_Website,peptide-master-list / extended list,
TRUE,UD-0135,HGH,HGH,310,IU,3,CATALOG,40x20,UD_Catalog_40x20mm_M2.svg,LYOPHILIZED POWDER,36–46°F,WHITE,WHITE CAKE,UD_3mL_White_Peptide_Black_Cap_Unlabeled.png,,,,,,UD|HGH|310IU|CATALOG,TRUE,TRUE,1,UNDISCLOSED,UNDISCLOSED,RESEARCH USE,NOT FOR HUMAN,CONSUMPTION,HGH_310IU_40x20_Catalog,HGH_310IU_3mL_Website,peptide-master-list / extended list,
TRUE,UD-0136,HGH (Somatropin),HGH,10,IU,3,CATALOG,40x20,UD_Catalog_40x20mm_M2.svg,LYOPHILIZED POWDER,36–46°F,WHITE,WHITE CAKE,UD_3mL_White_Peptide_Black_Cap_Unlabeled.png,,,,,,UD|HGH|10IU|CATALOG,TRUE,TRUE,1,UNDISCLOSED,UNDISCLOSED,RESEARCH USE,NOT FOR HUMAN,CONSUMPTION,HGH_10IU_40x20_Catalog,HGH_10IU_3mL_Website,peptide-master-list / Live shop; peptide-master-list / extended list,
TRUE,UD-0137,HGH (Somatropin),HGH,24,IU,3,CATALOG,40x20,UD_Catalog_40x20mm_M2.svg,LYOPHILIZED POWDER,36–46°F,WHITE,WHITE CAKE,UD_3mL_White_Peptide_Black_Cap_Unlabeled.png,,,,,,UD|HGH|24IU|CATALOG,TRUE,TRUE,1,UNDISCLOSED,UNDISCLOSED,RESEARCH USE,NOT FOR HUMAN,CONSUMPTION,HGH_24IU_40x20_Catalog,HGH_24IU_3mL_Website,peptide-master-list / Live shop; peptide-master-list / extended list,
TRUE,UD-0138,HGH (Somatropin),HGH,36,IU,3,CATALOG,40x20,UD_Catalog_40x20mm_M2.svg,LYOPHILIZED POWDER,36–46°F,WHITE,WHITE CAKE,UD_3mL_White_Peptide_Black_Cap_Unlabeled.png,,,,,,UD|HGH|36IU|CATALOG,TRUE,TRUE,1,UNDISCLOSED,UNDISCLOSED,RESEARCH USE,NOT FOR HUMAN,CONSUMPTION,HGH_36IU_40x20_Catalog,HGH_36IU_3mL_Website,peptide-master-list / Live shop; peptide-master-list / extended list,
TRUE,UD-0139,HGH Fragment 176-191,HF176-191,1,MG,3,CATALOG,40x20,UD_Catalog_40x20mm_M2.svg,LYOPHILIZED POWDER,36–46°F,WHITE,WHITE CAKE,UD_3mL_White_Peptide_Black_Cap_Unlabeled.png,,,,,,UD|HF176-191|1MG|CATALOG,TRUE,TRUE,1,UNDISCLOSED,UNDISCLOSED,RESEARCH USE,NOT FOR HUMAN,CONSUMPTION,HF176_191_1MG_40x20_Catalog,HF176_191_1MG_3mL_Website,peptide-master-list / extended list,
TRUE,UD-0140,HGH Fragment 176-191,HF176-191,2,MG,3,CATALOG,40x20,UD_Catalog_40x20mm_M2.svg,LYOPHILIZED POWDER,36–46°F,WHITE,WHITE CAKE,UD_3mL_White_Peptide_Black_Cap_Unlabeled.png,,,,,,UD|HF176-191|2MG|CATALOG,TRUE,TRUE,1,UNDISCLOSED,UNDISCLOSED,RESEARCH USE,NOT FOR HUMAN,CONSUMPTION,HF176_191_2MG_40x20_Catalog,HF176_191_2MG_3mL_Website,peptide-master-list / extended list,
TRUE,UD-0141,HGH Fragment 176-191,HF176-191,5,MG,3,CATALOG,40x20,UD_Catalog_40x20mm_M2.svg,LYOPHILIZED POWDER,36–46°F,WHITE,WHITE CAKE,UD_3mL_White_Peptide_Black_Cap_Unlabeled.png,,,,,,UD|HF176-191|5MG|CATALOG,TRUE,TRUE,1,UNDISCLOSED,UNDISCLOSED,RESEARCH USE,NOT FOR HUMAN,CONSUMPTION,HF176_191_5MG_40x20_Catalog,HF176_191_5MG_3mL_Website,peptide-master-list / extended list,
TRUE,UD-0142,HGH Fragment 176-191,HF176-191,10,MG,3,CATALOG,40x20,UD_Catalog_40x20mm_M2.svg,LYOPHILIZED POWDER,36–46°F,WHITE,WHITE CAKE,UD_3mL_White_Peptide_Black_Cap_Unlabeled.png,,,,,,UD|HF176-191|10MG|CATALOG,TRUE,TRUE,1,UNDISCLOSED,UNDISCLOSED,RESEARCH USE,NOT FOR HUMAN,CONSUMPTION,HF176_191_10MG_40x20_Catalog,HF176_191_10MG_3mL_Website,peptide-master-list / extended list,
TRUE,UD-0143,HHB（HEALTHY HAIR SKIN NAILS BLEND）,HHHSNB,10,MG,3,CATALOG,40x20,UD_Catalog_40x20mm_M2.svg,LYOPHILIZED POWDER,36–46°F,WHITE,WHITE CAKE,UD_3mL_White_Peptide_Black_Cap_Unlabeled.png,,,,,,UD|HHHSNB|10MG|CATALOG,TRUE,TRUE,1,UNDISCLOSED,UNDISCLOSED,RESEARCH USE,NOT FOR HUMAN,CONSUMPTION,HHHSNB_10MG_40x20_Catalog,HHHSNB_10MG_3mL_Website,peptide-master-list / extended list,
TRUE,UD-0144,HMG,HMG,75,IU,3,CATALOG,40x20,UD_Catalog_40x20mm_M2.svg,LYOPHILIZED POWDER,36–46°F,WHITE,WHITE CAKE,UD_3mL_White_Peptide_Black_Cap_Unlabeled.png,,,,,,UD|HMG|75IU|CATALOG,TRUE,TRUE,1,UNDISCLOSED,UNDISCLOSED,RESEARCH USE,NOT FOR HUMAN,CONSUMPTION,HMG_75IU_40x20_Catalog,HMG_75IU_3mL_Website,peptide-master-list / extended list,
TRUE,UD-0145,Human Blend: L-Arginine 110mg/10ml L-Ornithin 110m,HBL110MG10MLL110,0,MG,3,CATALOG,40x20,UD_Catalog_40x20mm_M2.svg,LYOPHILIZED POWDER,36–46°F,WHITE,WHITE CAKE,UD_3mL_White_Peptide_Black_Cap_Unlabeled.png,,,,,,UD|HBL110MG10MLL110|0MG|CATALOG,TRUE,TRUE,1,UNDISCLOSED,UNDISCLOSED,RESEARCH USE,NOT FOR HUMAN,CONSUMPTION,HBL110MG10MLL110_0MG_40x20_Catalog,HBL110MG10MLL110_0MG_3mL_Website,peptide-master-list / extended list,
TRUE,UD-0146,Humanin,HUMANIN,10,MG,3,CATALOG,40x20,UD_Catalog_40x20mm_M2.svg,LYOPHILIZED POWDER,36–46°F,WHITE,WHITE CAKE,UD_3mL_White_Peptide_Black_Cap_Unlabeled.png,1 mL,10 mg/mL,,,,UD|HUMANIN|10MG|CATALOG,TRUE,TRUE,1,UNDISCLOSED,UNDISCLOSED,RESEARCH USE,NOT FOR HUMAN,CONSUMPTION,HUMANIN_10MG_40x20_Catalog,HUMANIN_10MG_3mL_Website,pER VIAL / Per Vial; peptide-master-list / extended list,
TRUE,UD-0147,IGF-1 LR3,IGF-1 LR3,0.1,MG,3,CATALOG,40x20,UD_Catalog_40x20mm_M2.svg,LYOPHILIZED POWDER,36–46°F,WHITE,WHITE CAKE,UD_3mL_White_Peptide_Black_Cap_Unlabeled.png,0.1 mL,1 mg/mL,,,,UD|IGF-1 LR3|0.1MG|CATALOG,TRUE,TRUE,1,UNDISCLOSED,UNDISCLOSED,RESEARCH USE,NOT FOR HUMAN,CONSUMPTION,IGF_1_LR3_0_1MG_40x20_Catalog,IGF_1_LR3_0_1MG_3mL_Website,pER VIAL / Per Vial; peptide-master-list / extended list,"HAZARD: Systemic hypoglycemia risk, amplified by the long half-life. 0.1 mL is below the ~0.5 mL floor for wetting the cake and drawing a dose reliably."
TRUE,UD-0148,IGF-1 LR3,IGF-1 LR3,1,MG,3,CATALOG,40x20,UD_Catalog_40x20mm_M2.svg,LYOPHILIZED POWDER,36–46°F,WHITE,WHITE CAKE,UD_3mL_White_Peptide_Black_Cap_Unlabeled.png,0.4 mL,2.5 mg/mL,,,,UD|IGF-1 LR3|1MG|CATALOG,TRUE,TRUE,1,UNDISCLOSED,UNDISCLOSED,RESEARCH USE,NOT FOR HUMAN,CONSUMPTION,IGF_1_LR3_1MG_40x20_Catalog,IGF_1_LR3_1MG_3mL_Website,pER VIAL / Per Vial; peptide-master-list / extended list,"HAZARD: Systemic hypoglycemia risk, amplified by the long half-life. 0.4 mL is below the ~0.5 mL floor for wetting the cake and drawing a dose reliably."
TRUE,UD-0149,IGF-1LR3,IGF-1LR3,0.1,MG,3,CATALOG,40x20,UD_Catalog_40x20mm_M2.svg,LYOPHILIZED POWDER,36–46°F,WHITE,WHITE CAKE,UD_3mL_White_Peptide_Black_Cap_Unlabeled.png,,,,,,UD|IGF-1LR3|0.1MG|CATALOG,TRUE,TRUE,1,UNDISCLOSED,UNDISCLOSED,RESEARCH USE,NOT FOR HUMAN,CONSUMPTION,IGF_1LR3_0_1MG_40x20_Catalog,IGF_1LR3_0_1MG_3mL_Website,peptide-master-list / extended list,
TRUE,UD-0150,IGF-1LR3,IGF-1LR3,1,MG,3,CATALOG,40x20,UD_Catalog_40x20mm_M2.svg,LYOPHILIZED POWDER,36–46°F,WHITE,WHITE CAKE,UD_3mL_White_Peptide_Black_Cap_Unlabeled.png,,,,,,UD|IGF-1LR3|1MG|CATALOG,TRUE,TRUE,1,UNDISCLOSED,UNDISCLOSED,RESEARCH USE,NOT FOR HUMAN,CONSUMPTION,IGF_1LR3_1MG_40x20_Catalog,IGF_1LR3_1MG_3mL_Website,peptide-master-list / extended list,
TRUE,UD-0151,Ipamorelin,IPAMORELIN,0.5,MG,3,CATALOG,40x20,UD_Catalog_40x20mm_M2.svg,LYOPHILIZED POWDER,36–46°F,WHITE,WHITE CAKE,UD_3mL_White_Peptide_Black_Cap_Unlabeled.png,0.5 mL,1 mg/mL,,,,UD|IPAMORELIN|0.5MG|CATALOG,TRUE,TRUE,1,UNDISCLOSED,UNDISCLOSED,RESEARCH USE,NOT FOR HUMAN,CONSUMPTION,IPAMORELIN_0_5MG_40x20_Catalog,IPAMORELIN_0_5MG_3mL_Website,pER VIAL / Per Vial,
TRUE,UD-0152,Ipamorelin,IPAMORELIN,1,MG,3,CATALOG,40x20,UD_Catalog_40x20mm_M2.svg,LYOPHILIZED POWDER,36–46°F,WHITE,WHITE CAKE,UD_3mL_White_Peptide_Black_Cap_Unlabeled.png,1 mL,1 mg/mL,,,,UD|IPAMORELIN|1MG|CATALOG,TRUE,TRUE,1,UNDISCLOSED,UNDISCLOSED,RESEARCH USE,NOT FOR HUMAN,CONSUMPTION,IPAMORELIN_1MG_40x20_Catalog,IPAMORELIN_1MG_3mL_Website,pER VIAL / Per Vial,
TRUE,UD-0153,Ipamorelin,IPAMORELIN,2,MG,3,CATALOG,40x20,UD_Catalog_40x20mm_M2.svg,LYOPHILIZED POWDER,36–46°F,WHITE,WHITE CAKE,UD_3mL_White_Peptide_Black_Cap_Unlabeled.png,2 mL,1 mg/mL,,,,UD|IPAMORELIN|2MG|CATALOG,TRUE,TRUE,1,UNDISCLOSED,UNDISCLOSED,RESEARCH USE,NOT FOR HUMAN,CONSUMPTION,IPAMORELIN_2MG_40x20_Catalog,IPAMORELIN_2MG_3mL_Website,peptide-master-list / Live shop; pER VIAL / Per Vial; peptide-master-list / extended list,
TRUE,UD-0154,Ipamorelin,IPAMORELIN,5,MG,3,CATALOG,40x20,UD_Catalog_40x20mm_M2.svg,LYOPHILIZED POWDER,36–46°F,WHITE,WHITE CAKE,UD_3mL_White_Peptide_Black_Cap_Unlabeled.png,,,,,,UD|IPAMORELIN|5MG|CATALOG,TRUE,TRUE,1,UNDISCLOSED,UNDISCLOSED,RESEARCH USE,NOT FOR HUMAN,CONSUMPTION,IPAMORELIN_5MG_40x20_Catalog,IPAMORELIN_5MG_3mL_Website,peptide-master-list / Live shop; peptide-master-list / extended list,
TRUE,UD-0155,Ipamorelin,IPAMORELIN,10,MG,3,CATALOG,40x20,UD_Catalog_40x20mm_M2.svg,LYOPHILIZED POWDER,36–46°F,WHITE,WHITE CAKE,UD_3mL_White_Peptide_Black_Cap_Unlabeled.png,,,,,,UD|IPAMORELIN|10MG|CATALOG,TRUE,TRUE,1,UNDISCLOSED,UNDISCLOSED,RESEARCH USE,NOT FOR HUMAN,CONSUMPTION,IPAMORELIN_10MG_40x20_Catalog,IPAMORELIN_10MG_3mL_Website,peptide-master-list / Live shop; peptide-master-list / extended list,
TRUE,UD-0156,Kisspeptin-10,KISSPEPTIN-10,5,MG,3,CATALOG,40x20,UD_Catalog_40x20mm_M2.svg,LYOPHILIZED POWDER,36–46°F,WHITE,WHITE CAKE,UD_3mL_White_Peptide_Black_Cap_Unlabeled.png,2 mL,2.5 mg/mL,,,,UD|KISSPEPTIN-10|5MG|CATALOG,TRUE,TRUE,1,UNDISCLOSED,UNDISCLOSED,RESEARCH USE,NOT FOR HUMAN,CONSUMPTION,KISSPEPTIN_10_5MG_40x20_Catalog,KISSPEPTIN_10_5MG_3mL_Website,pER VIAL / Per Vial; peptide-master-list / extended list,
TRUE,UD-0157,Kisspeptin-10,KISSPEPTIN-10,10,MG,3,CATALOG,40x20,UD_Catalog_40x20mm_M2.svg,LYOPHILIZED POWDER,36–46°F,WHITE,WHITE CAKE,UD_3mL_White_Peptide_Black_Cap_Unlabeled.png,1 mL,10 mg/mL,,,,UD|KISSPEPTIN-10|10MG|CATALOG,TRUE,TRUE,1,UNDISCLOSED,UNDISCLOSED,RESEARCH USE,NOT FOR HUMAN,CONSUMPTION,KISSPEPTIN_10_10MG_40x20_Catalog,KISSPEPTIN_10_10MG_3mL_Website,pER VIAL / Per Vial; peptide-master-list / extended list,
TRUE,UD-0158,Kisspetin-10,KISSPETIN-10,5,MG,3,CATALOG,40x20,UD_Catalog_40x20mm_M2.svg,LYOPHILIZED POWDER,36–46°F,WHITE,WHITE CAKE,UD_3mL_White_Peptide_Black_Cap_Unlabeled.png,,,,,,UD|KISSPETIN-10|5MG|CATALOG,TRUE,TRUE,1,UNDISCLOSED,UNDISCLOSED,RESEARCH USE,NOT FOR HUMAN,CONSUMPTION,KISSPETIN_10_5MG_40x20_Catalog,KISSPETIN_10_5MG_3mL_Website,peptide-master-list / extended list,
TRUE,UD-0159,Kisspetin-10,KISSPETIN-10,10,MG,3,CATALOG,40x20,UD_Catalog_40x20mm_M2.svg,LYOPHILIZED POWDER,36–46°F,WHITE,WHITE CAKE,UD_3mL_White_Peptide_Black_Cap_Unlabeled.png,,,,,,UD|KISSPETIN-10|10MG|CATALOG,TRUE,TRUE,1,UNDISCLOSED,UNDISCLOSED,RESEARCH USE,NOT FOR HUMAN,CONSUMPTION,KISSPETIN_10_10MG_40x20_Catalog,KISSPETIN_10_10MG_3mL_Website,peptide-master-list / extended list,
TRUE,UD-0160,KLOW,KLOW,80,MG,3,CATALOG,40x20,UD_Catalog_40x20mm_M2.svg,LYOPHILIZED POWDER,36–46°F,COBALT BLUE,COBALT BLUE CAKE,UD_3mL_Blue_Peptide_Black_Cap_Unlabeled.png,3 mL,26.67 mg/mL total,,,,UD|KLOW|80MG|CATALOG,TRUE,TRUE,1,UNDISCLOSED,UNDISCLOSED,RESEARCH USE,NOT FOR HUMAN,CONSUMPTION,KLOW_80MG_40x20_Catalog,KLOW_80MG_3mL_Website,pER VIAL / Per Vial; peptide-master-list / extended list,Blend of 4 peptides - see Blend Composition tab for per-component mg/mL. Total mg/mL is not the working number for a blend. Source held two contradicting rows (diluent 10x apart); resolved to a single 3 mL vial.
TRUE,UD-0161,KLOW(GHK-Cu 50mg+BPC157 10mg+TB500 10mg+KPV 10mg),KLOW,80,MG,3,CATALOG,40x20,UD_Catalog_40x20mm_M2.svg,LYOPHILIZED POWDER,36–46°F,COBALT BLUE,COBALT BLUE CAKE,UD_3mL_Blue_Peptide_Black_Cap_Unlabeled.png,,,,,,UD|KLOW|80MG|CATALOG,TRUE,TRUE,1,UNDISCLOSED,UNDISCLOSED,RESEARCH USE,NOT FOR HUMAN,CONSUMPTION,KLOW_80MG_40x20_Catalog,KLOW_80MG_3mL_Website,peptide-master-list / Live shop; peptide-master-list / extended list,
TRUE,UD-0162,KPV,KPV,5,MG,3,CATALOG,40x20,UD_Catalog_40x20mm_M2.svg,LYOPHILIZED POWDER,36–46°F,WHITE,WHITE CAKE,UD_3mL_White_Peptide_Black_Cap_Unlabeled.png,2 mL,2.5 mg/mL,,,,UD|KPV|5MG|CATALOG,TRUE,TRUE,1,UNDISCLOSED,UNDISCLOSED,RESEARCH USE,NOT FOR HUMAN,CONSUMPTION,KPV_5MG_40x20_Catalog,KPV_5MG_3mL_Website,peptide-master-list / Live shop; pER VIAL / Per Vial; peptide-master-list / extended list,
TRUE,UD-0163,KPV,KPV,10,MG,3,CATALOG,40x20,UD_Catalog_40x20mm_M2.svg,LYOPHILIZED POWDER,36–46°F,WHITE,WHITE CAKE,UD_3mL_White_Peptide_Black_Cap_Unlabeled.png,1 mL,10 mg/mL,,,,UD|KPV|10MG|CATALOG,TRUE,TRUE,1,UNDISCLOSED,UNDISCLOSED,RESEARCH USE,NOT FOR HUMAN,CONSUMPTION,KPV_10MG_40x20_Catalog,KPV_10MG_3mL_Website,peptide-master-list / Live shop; pER VIAL / Per Vial; peptide-master-list / extended list,
TRUE,UD-0164,KPV,KPV,30,MG,3,CATALOG,40x20,UD_Catalog_40x20mm_M2.svg,LYOPHILIZED POWDER,36–46°F,WHITE,WHITE CAKE,UD_3mL_White_Peptide_Black_Cap_Unlabeled.png,3 mL,10 mg/mL,,,,UD|KPV|30MG|CATALOG,TRUE,TRUE,1,UNDISCLOSED,UNDISCLOSED,RESEARCH USE,NOT FOR HUMAN,CONSUMPTION,KPV_30MG_40x20_Catalog,KPV_30MG_3mL_Website,peptide-master-list / Live shop; pER VIAL / Per Vial; peptide-master-list / extended list,
TRUE,UD-0165,L-carnitine,L-CARNITINE,200,MG,3,CATALOG,40x20,UD_Catalog_40x20mm_M2.svg,LYOPHILIZED POWDER,36–46°F,WHITE,WHITE CAKE,UD_3mL_White_Peptide_Black_Cap_Unlabeled.png,,,,,,UD|L-CARNITINE|200MG|CATALOG,TRUE,TRUE,1,UNDISCLOSED,UNDISCLOSED,RESEARCH USE,NOT FOR HUMAN,CONSUMPTION,L_CARNITINE_200MG_40x20_Catalog,L_CARNITINE_200MG_3mL_Website,peptide-master-list / extended list,
TRUE,UD-0166,L-carnitine,L-CARNITINE,400,MG,3,CATALOG,40x20,UD_Catalog_40x20mm_M2.svg,LYOPHILIZED POWDER,36–46°F,WHITE,WHITE CAKE,UD_3mL_White_Peptide_Black_Cap_Unlabeled.png,,,,,,UD|L-CARNITINE|400MG|CATALOG,TRUE,TRUE,1,UNDISCLOSED,UNDISCLOSED,RESEARCH USE,NOT FOR HUMAN,CONSUMPTION,L_CARNITINE_400MG_40x20_Catalog,L_CARNITINE_400MG_3mL_Website,peptide-master-list / extended list,
TRUE,UD-0167,L-carnitine,L-CARNITINE,600,MG,3,CATALOG,40x20,UD_Catalog_40x20mm_M2.svg,LYOPHILIZED POWDER,36–46°F,WHITE,WHITE CAKE,UD_3mL_White_Peptide_Black_Cap_Unlabeled.png,,,,,,UD|L-CARNITINE|600MG|CATALOG,TRUE,TRUE,1,UNDISCLOSED,UNDISCLOSED,RESEARCH USE,NOT FOR HUMAN,CONSUMPTION,L_CARNITINE_600MG_40x20_Catalog,L_CARNITINE_600MG_3mL_Website,peptide-master-list / extended list,
TRUE,UD-0168,L-carnitine,L-CARNITINE,1200,MG,3,CATALOG,40x20,UD_Catalog_40x20mm_M2.svg,LYOPHILIZED POWDER,36–46°F,WHITE,WHITE CAKE,UD_3mL_White_Peptide_Black_Cap_Unlabeled.png,,,,,,UD|L-CARNITINE|1200MG|CATALOG,TRUE,TRUE,1,UNDISCLOSED,UNDISCLOSED,RESEARCH USE,NOT FOR HUMAN,CONSUMPTION,L_CARNITINE_1200MG_40x20_Catalog,L_CARNITINE_1200MG_3mL_Website,peptide-master-list / extended list,
TRUE,UD-0169,L-carnitine,L-CARNITINE,2000,MG,3,CATALOG,40x20,UD_Catalog_40x20mm_M2.svg,LYOPHILIZED POWDER,36–46°F,WHITE,WHITE CAKE,UD_3mL_White_Peptide_Black_Cap_Unlabeled.png,,,,,,UD|L-CARNITINE|2000MG|CATALOG,TRUE,TRUE,1,UNDISCLOSED,UNDISCLOSED,RESEARCH USE,NOT FOR HUMAN,CONSUMPTION,L_CARNITINE_2000MG_40x20_Catalog,L_CARNITINE_2000MG_3mL_Website,peptide-master-list / extended list,
TRUE,UD-0170,L-carnitine,L-CARNITINE,5000,MG,3,CATALOG,40x20,UD_Catalog_40x20mm_M2.svg,LYOPHILIZED POWDER,36–46°F,WHITE,WHITE CAKE,UD_3mL_White_Peptide_Black_Cap_Unlabeled.png,,,,,,UD|L-CARNITINE|5000MG|CATALOG,TRUE,TRUE,1,UNDISCLOSED,UNDISCLOSED,RESEARCH USE,NOT FOR HUMAN,CONSUMPTION,L_CARNITINE_5000MG_40x20_Catalog,L_CARNITINE_5000MG_3mL_Website,peptide-master-list / extended list,
TRUE,UD-0171,LC526（FatBLaster),LC526（FATBLASTER),10,MG,3,CATALOG,40x20,UD_Catalog_40x20mm_M2.svg,LYOPHILIZED POWDER,36–46°F,WHITE,WHITE CAKE,UD_3mL_White_Peptide_Black_Cap_Unlabeled.png,,,,,,UD|LC526（FATBLASTER)|10MG|CATALOG,TRUE,TRUE,1,UNDISCLOSED,UNDISCLOSED,RESEARCH USE,NOT FOR HUMAN,CONSUMPTION,LC526_FATBLASTER_10MG_40x20_Catalog,LC526_FATBLASTER_10MG_3mL_Website,peptide-master-list / extended list,
TRUE,UD-0172,Lemon bottle,LEMON BOTTLE,10,MG,3,CATALOG,40x20,UD_Catalog_40x20mm_M2.svg,LYOPHILIZED POWDER,36–46°F,WHITE,WHITE CAKE,UD_3mL_White_Peptide_Black_Cap_Unlabeled.png,,,,,,UD|LEMON BOTTLE|10MG|CATALOG,TRUE,TRUE,1,UNDISCLOSED,UNDISCLOSED,RESEARCH USE,NOT FOR HUMAN,CONSUMPTION,LEMON_BOTTLE_10MG_40x20_Catalog,LEMON_BOTTLE_10MG_3mL_Website,peptide-master-list / extended list,
TRUE,UD-0173,Lipo-c,LIPO-C,10,MG,3,CATALOG,40x20,UD_Catalog_40x20mm_M2.svg,LYOPHILIZED POWDER,36–46°F,WHITE,WHITE CAKE,UD_3mL_White_Peptide_Black_Cap_Unlabeled.png,,,,,,UD|LIPO-C|10MG|CATALOG,TRUE,TRUE,1,UNDISCLOSED,UNDISCLOSED,RESEARCH USE,NOT FOR HUMAN,CONSUMPTION,LIPO_C_10MG_40x20_Catalog,LIPO_C_10MG_3mL_Website,peptide-master-list / extended list,
TRUE,UD-0174,Lipo-C with B12,LIPO-C WITH B12,10,MG,10,CATALOG,50x30,UD_Catalog_50x30mm_M2.svg,LYOPHILIZED POWDER,36–46°F,WHITE,WHITE CAKE,UD_10mL_White_Peptide_Black_Cap_Unlabeled.png,,,,,,UD|LIPO-C WITH B12|10MG|CATALOG,TRUE,TRUE,1,UNDISCLOSED,UNDISCLOSED,RESEARCH USE,NOT FOR HUMAN,CONSUMPTION,LIPO_C_WITH_B12_10MG_50x30_Catalog,LIPO_C_WITH_B12_10MG_10mL_Website,peptide-master-list / extended list,
TRUE,UD-0175,Lipo-C without B12,LIPO-C WITHOUT B12,10,MG,10,CATALOG,50x30,UD_Catalog_50x30mm_M2.svg,LYOPHILIZED POWDER,36–46°F,WHITE,WHITE CAKE,UD_10mL_White_Peptide_Black_Cap_Unlabeled.png,,,,,,UD|LIPO-C WITHOUT B12|10MG|CATALOG,TRUE,TRUE,1,UNDISCLOSED,UNDISCLOSED,RESEARCH USE,NOT FOR HUMAN,CONSUMPTION,LIPO_C_WITHOUT_B12_10MG_50x30_Catalog,LIPO_C_WITHOUT_B12_10MG_10mL_Website,peptide-master-list / extended list,
TRUE,UD-0176,Liraglutide,LIRAGLUTIDE,5,MG,3,CATALOG,40x20,UD_Catalog_40x20mm_M2.svg,LYOPHILIZED POWDER,36–46°F,WHITE,WHITE CAKE,UD_3mL_White_Peptide_Black_Cap_Unlabeled.png,2 mL,2.5 mg/mL,,,,UD|LIRAGLUTIDE|5MG|CATALOG,TRUE,TRUE,1,UNDISCLOSED,UNDISCLOSED,RESEARCH USE,NOT FOR HUMAN,CONSUMPTION,LIRAGLUTIDE_5MG_40x20_Catalog,LIRAGLUTIDE_5MG_3mL_Website,pER VIAL / Per Vial; peptide-master-list / extended list,
TRUE,UD-0177,Liraglutide,LIRAGLUTIDE,10,MG,3,CATALOG,40x20,UD_Catalog_40x20mm_M2.svg,LYOPHILIZED POWDER,36–46°F,WHITE,WHITE CAKE,UD_3mL_White_Peptide_Black_Cap_Unlabeled.png,1 mL,10 mg/mL,,,,UD|LIRAGLUTIDE|10MG|CATALOG,TRUE,TRUE,1,UNDISCLOSED,UNDISCLOSED,RESEARCH USE,NOT FOR HUMAN,CONSUMPTION,LIRAGLUTIDE_10MG_40x20_Catalog,LIRAGLUTIDE_10MG_3mL_Website,pER VIAL / Per Vial; peptide-master-list / extended list,
TRUE,UD-0178,LL-37,LL-37,5,MG,3,CATALOG,40x20,UD_Catalog_40x20mm_M2.svg,LYOPHILIZED POWDER,36–46°F,WHITE,WHITE CAKE,UD_3mL_White_Peptide_Black_Cap_Unlabeled.png,2 mL,2.5 mg/mL,,,,UD|LL-37|5MG|CATALOG,TRUE,TRUE,1,UNDISCLOSED,UNDISCLOSED,RESEARCH USE,NOT FOR HUMAN,CONSUMPTION,LL_37_5MG_40x20_Catalog,LL_37_5MG_3mL_Website,pER VIAL / Per Vial; peptide-master-list / extended list,
TRUE,UD-0179,LL-37,LL-37,10,MG,3,CATALOG,40x20,UD_Catalog_40x20mm_M2.svg,LYOPHILIZED POWDER,36–46°F,WHITE,WHITE CAKE,UD_3mL_White_Peptide_Black_Cap_Unlabeled.png,1 mL,10 mg/mL,,,,UD|LL-37|10MG|CATALOG,TRUE,TRUE,1,UNDISCLOSED,UNDISCLOSED,RESEARCH USE,NOT FOR HUMAN,CONSUMPTION,LL_37_10MG_40x20_Catalog,LL_37_10MG_3mL_Website,pER VIAL / Per Vial,
TRUE,UD-0180,LL37,LL37,5,MG,3,CATALOG,40x20,UD_Catalog_40x20mm_M2.svg,LYOPHILIZED POWDER,36–46°F,WHITE,WHITE CAKE,UD_3mL_White_Peptide_Black_Cap_Unlabeled.png,,,,,,UD|LL37|5MG|CATALOG,TRUE,TRUE,1,UNDISCLOSED,UNDISCLOSED,RESEARCH USE,NOT FOR HUMAN,CONSUMPTION,LL37_5MG_40x20_Catalog,LL37_5MG_3mL_Website,peptide-master-list / extended list,
TRUE,UD-0181,LL37,LL37,10,MG,3,CATALOG,40x20,UD_Catalog_40x20mm_M2.svg,LYOPHILIZED POWDER,36–46°F,WHITE,WHITE CAKE,UD_3mL_White_Peptide_Black_Cap_Unlabeled.png,,,,,,UD|LL37|10MG|CATALOG,TRUE,TRUE,1,UNDISCLOSED,UNDISCLOSED,RESEARCH USE,NOT FOR HUMAN,CONSUMPTION,LL37_10MG_40x20_Catalog,LL37_10MG_3mL_Website,peptide-master-list / extended list,
TRUE,UD-0182,Matrixyl,MATRIXYL,10,MG,3,CATALOG,40x20,UD_Catalog_40x20mm_M2.svg,LYOPHILIZED POWDER,36–46°F,WHITE,WHITE CAKE,UD_3mL_White_Peptide_Black_Cap_Unlabeled.png,1 mL,10 mg/mL,,,,UD|MATRIXYL|10MG|CATALOG,TRUE,TRUE,1,UNDISCLOSED,UNDISCLOSED,RESEARCH USE,NOT FOR HUMAN,CONSUMPTION,MATRIXYL_10MG_40x20_Catalog,MATRIXYL_10MG_3mL_Website,pER VIAL / Per Vial; peptide-master-list / extended list,
TRUE,UD-0183,Mazdutide,MAZDUTIDE,5,MG,3,CATALOG,40x20,UD_Catalog_40x20mm_M2.svg,LYOPHILIZED POWDER,36–46°F,WHITE,WHITE CAKE,UD_3mL_White_Peptide_Black_Cap_Unlabeled.png,2 mL,2.5 mg/mL,,,,UD|MAZDUTIDE|5MG|CATALOG,TRUE,TRUE,1,UNDISCLOSED,UNDISCLOSED,RESEARCH USE,NOT FOR HUMAN,CONSUMPTION,MAZDUTIDE_5MG_40x20_Catalog,MAZDUTIDE_5MG_3mL_Website,pER VIAL / Per Vial; peptide-master-list / extended list,
TRUE,UD-0184,Mazdutide,MAZDUTIDE,10,MG,3,CATALOG,40x20,UD_Catalog_40x20mm_M2.svg,LYOPHILIZED POWDER,36–46°F,WHITE,WHITE CAKE,UD_3mL_White_Peptide_Black_Cap_Unlabeled.png,1 mL,10 mg/mL,,,,UD|MAZDUTIDE|10MG|CATALOG,TRUE,TRUE,1,UNDISCLOSED,UNDISCLOSED,RESEARCH USE,NOT FOR HUMAN,CONSUMPTION,MAZDUTIDE_10MG_40x20_Catalog,MAZDUTIDE_10MG_3mL_Website,pER VIAL / Per Vial; peptide-master-list / extended list,
TRUE,UD-0185,Melanotan,MELANOTAN,10,MG,3,CATALOG,40x20,UD_Catalog_40x20mm_M2.svg,LYOPHILIZED POWDER,36–46°F,WHITE,WHITE CAKE,UD_3mL_White_Peptide_Black_Cap_Unlabeled.png,,,,,,UD|MELANOTAN|10MG|CATALOG,TRUE,TRUE,1,UNDISCLOSED,UNDISCLOSED,RESEARCH USE,NOT FOR HUMAN,CONSUMPTION,MELANOTAN_10MG_40x20_Catalog,MELANOTAN_10MG_3mL_Website,peptide-master-list / extended list,
TRUE,UD-0186,Melanotan 1,MELANOTAN 1,10,MG,3,CATALOG,40x20,UD_Catalog_40x20mm_M2.svg,LYOPHILIZED POWDER,36–46°F,WHITE,WHITE CAKE,UD_3mL_White_Peptide_Black_Cap_Unlabeled.png,,,,,,UD|MELANOTAN 1|10MG|CATALOG,TRUE,TRUE,1,UNDISCLOSED,UNDISCLOSED,RESEARCH USE,NOT FOR HUMAN,CONSUMPTION,MELANOTAN_1_10MG_40x20_Catalog,MELANOTAN_1_10MG_3mL_Website,peptide-master-list / extended list,
TRUE,UD-0187,Melanotan 2,MELANOTAN 2,10,MG,3,CATALOG,40x20,UD_Catalog_40x20mm_M2.svg,LYOPHILIZED POWDER,36–46°F,WHITE,WHITE CAKE,UD_3mL_White_Peptide_Black_Cap_Unlabeled.png,,,,,,UD|MELANOTAN 2|10MG|CATALOG,TRUE,TRUE,1,UNDISCLOSED,UNDISCLOSED,RESEARCH USE,NOT FOR HUMAN,CONSUMPTION,MELANOTAN_2_10MG_40x20_Catalog,MELANOTAN_2_10MG_3mL_Website,peptide-master-list / extended list,
TRUE,UD-0188,Melanotan I,MELANOTAN I,10,MG,3,CATALOG,40x20,UD_Catalog_40x20mm_M2.svg,LYOPHILIZED POWDER,36–46°F,WHITE,WHITE CAKE,UD_3mL_White_Peptide_Black_Cap_Unlabeled.png,1 mL,10 mg/mL,,,,UD|MELANOTAN I|10MG|CATALOG,TRUE,TRUE,1,UNDISCLOSED,UNDISCLOSED,RESEARCH USE,NOT FOR HUMAN,CONSUMPTION,MELANOTAN_I_10MG_40x20_Catalog,MELANOTAN_I_10MG_3mL_Website,pER VIAL / Per Vial,
TRUE,UD-0189,Melanotan II,MELANOTAN II,10,MG,3,CATALOG,40x20,UD_Catalog_40x20mm_M2.svg,LYOPHILIZED POWDER,36–46°F,WHITE,WHITE CAKE,UD_3mL_White_Peptide_Black_Cap_Unlabeled.png,1 mL,10 mg/mL,,,,UD|MELANOTAN II|10MG|CATALOG,TRUE,TRUE,1,UNDISCLOSED,UNDISCLOSED,RESEARCH USE,NOT FOR HUMAN,CONSUMPTION,MELANOTAN_II_10MG_40x20_Catalog,MELANOTAN_II_10MG_3mL_Website,pER VIAL / Per Vial,HAZARD: Melanocytic lesion change and priapism reported; unregulated supply.
TRUE,UD-0190,Melanotan Il,MELANOTAN IL,10,MG,3,CATALOG,40x20,UD_Catalog_40x20mm_M2.svg,LYOPHILIZED POWDER,36–46°F,WHITE,WHITE CAKE,UD_3mL_White_Peptide_Black_Cap_Unlabeled.png,,,,,,UD|MELANOTAN IL|10MG|CATALOG,TRUE,TRUE,1,UNDISCLOSED,UNDISCLOSED,RESEARCH USE,NOT FOR HUMAN,CONSUMPTION,MELANOTAN_IL_10MG_40x20_Catalog,MELANOTAN_IL_10MG_3mL_Website,peptide-master-list / extended list,
TRUE,UD-0191,MelanotanI,MELANOTANI,10,MG,3,CATALOG,40x20,UD_Catalog_40x20mm_M2.svg,LYOPHILIZED POWDER,36–46°F,WHITE,WHITE CAKE,UD_3mL_White_Peptide_Black_Cap_Unlabeled.png,,,,,,UD|MELANOTANI|10MG|CATALOG,TRUE,TRUE,1,UNDISCLOSED,UNDISCLOSED,RESEARCH USE,NOT FOR HUMAN,CONSUMPTION,MELANOTANI_10MG_40x20_Catalog,MELANOTANI_10MG_3mL_Website,peptide-master-list / extended list,
TRUE,UD-0192,Melatonin,MELATONIN,10,MG,3,CATALOG,40x20,UD_Catalog_40x20mm_M2.svg,LYOPHILIZED POWDER,36–46°F,WHITE,WHITE CAKE,UD_3mL_White_Peptide_Black_Cap_Unlabeled.png,1 mL,10 mg/mL,,,,UD|MELATONIN|10MG|CATALOG,TRUE,TRUE,1,UNDISCLOSED,UNDISCLOSED,RESEARCH USE,NOT FOR HUMAN,CONSUMPTION,MELATONIN_10MG_40x20_Catalog,MELATONIN_10MG_3mL_Website,pER VIAL / Per Vial; peptide-master-list / extended list,
TRUE,UD-0193,MGF,MGF,2,MG,3,CATALOG,40x20,UD_Catalog_40x20mm_M2.svg,LYOPHILIZED POWDER,36–46°F,WHITE,WHITE CAKE,UD_3mL_White_Peptide_Black_Cap_Unlabeled.png,0.8 mL,2.5 mg/mL,,,,UD|MGF|2MG|CATALOG,TRUE,TRUE,1,UNDISCLOSED,UNDISCLOSED,RESEARCH USE,NOT FOR HUMAN,CONSUMPTION,MGF_2MG_40x20_Catalog,MGF_2MG_3mL_Website,pER VIAL / Per Vial; peptide-master-list / extended list,
TRUE,UD-0194,MIC(lipo C with B12),MIC,10,MG,10,CATALOG,50x30,UD_Catalog_50x30mm_M2.svg,LYOPHILIZED POWDER,36–46°F,WHITE,WHITE CAKE,UD_10mL_White_Peptide_Black_Cap_Unlabeled.png,,,,,,UD|MIC|10MG|CATALOG,TRUE,TRUE,1,UNDISCLOSED,UNDISCLOSED,RESEARCH USE,NOT FOR HUMAN,CONSUMPTION,MIC_10MG_50x30_Catalog,MIC_10MG_10mL_Website,peptide-master-list / extended list,
TRUE,UD-0195,MOTS-c,MOTS-C,10,MG,3,CATALOG,40x20,UD_Catalog_40x20mm_M2.svg,LYOPHILIZED POWDER,36–46°F,WHITE,WHITE CAKE,UD_3mL_White_Peptide_Black_Cap_Unlabeled.png,0.2 mL,50 mg/mL,,,,UD|MOTS-C|10MG|CATALOG,TRUE,TRUE,1,UNDISCLOSED,UNDISCLOSED,RESEARCH USE,NOT FOR HUMAN,CONSUMPTION,MOTS_C_10MG_40x20_Catalog,MOTS_C_10MG_3mL_Website,pER VIAL / Per Vial; peptide-master-list / extended list,0.2 mL is below the ~0.5 mL floor for wetting the cake and drawing a dose reliably.
TRUE,UD-0196,MOTS-c,MOTS-C,15,MG,3,CATALOG,40x20,UD_Catalog_40x20mm_M2.svg,LYOPHILIZED POWDER,36–46°F,WHITE,WHITE CAKE,UD_3mL_White_Peptide_Black_Cap_Unlabeled.png,0.3 mL,50 mg/mL,,,,UD|MOTS-C|15MG|CATALOG,TRUE,TRUE,1,UNDISCLOSED,UNDISCLOSED,RESEARCH USE,NOT FOR HUMAN,CONSUMPTION,MOTS_C_15MG_40x20_Catalog,MOTS_C_15MG_3mL_Website,pER VIAL / Per Vial; peptide-master-list / extended list,0.3 mL is below the ~0.5 mL floor for wetting the cake and drawing a dose reliably.
TRUE,UD-0197,MOTS-c,MOTS-C,20,MG,3,CATALOG,40x20,UD_Catalog_40x20mm_M2.svg,LYOPHILIZED POWDER,36–46°F,WHITE,WHITE CAKE,UD_3mL_White_Peptide_Black_Cap_Unlabeled.png,0.4 mL,50 mg/mL,,,,UD|MOTS-C|20MG|CATALOG,TRUE,TRUE,1,UNDISCLOSED,UNDISCLOSED,RESEARCH USE,NOT FOR HUMAN,CONSUMPTION,MOTS_C_20MG_40x20_Catalog,MOTS_C_20MG_3mL_Website,pER VIAL / Per Vial; peptide-master-list / extended list,0.4 mL is below the ~0.5 mL floor for wetting the cake and drawing a dose reliably.
TRUE,UD-0198,MOTS-c,MOTS-C,40,MG,3,CATALOG,40x20,UD_Catalog_40x20mm_M2.svg,LYOPHILIZED POWDER,36–46°F,WHITE,WHITE CAKE,UD_3mL_White_Peptide_Black_Cap_Unlabeled.png,0.8 mL,50 mg/mL,,,,UD|MOTS-C|40MG|CATALOG,TRUE,TRUE,1,UNDISCLOSED,UNDISCLOSED,RESEARCH USE,NOT FOR HUMAN,CONSUMPTION,MOTS_C_40MG_40x20_Catalog,MOTS_C_40MG_3mL_Website,peptide-master-list / Live shop; pER VIAL / Per Vial; peptide-master-list / extended list,
TRUE,UD-0199,NA-Semax,NA-SEMAX,1,MG,3,CATALOG,40x20,UD_Catalog_40x20mm_M2.svg,LYOPHILIZED POWDER,36–46°F,WHITE,WHITE CAKE,UD_3mL_White_Peptide_Black_Cap_Unlabeled.png,0.333 mL,3 mg/mL,,,,UD|NA-SEMAX|1MG|CATALOG,TRUE,TRUE,1,UNDISCLOSED,UNDISCLOSED,RESEARCH USE,NOT FOR HUMAN,CONSUMPTION,NA_SEMAX_1MG_40x20_Catalog,NA_SEMAX_1MG_3mL_Website,pER VIAL / Per Vial,0.333 mL is below the ~0.5 mL floor for wetting the cake and drawing a dose reliably.
TRUE,UD-0200,NA-Semax,NA-SEMAX,5,MG,3,CATALOG,40x20,UD_Catalog_40x20mm_M2.svg,LYOPHILIZED POWDER,36–46°F,WHITE,WHITE CAKE,UD_3mL_White_Peptide_Black_Cap_Unlabeled.png,1.67 mL,2.99 mg/mL,,,,UD|NA-SEMAX|5MG|CATALOG,TRUE,TRUE,1,UNDISCLOSED,UNDISCLOSED,RESEARCH USE,NOT FOR HUMAN,CONSUMPTION,NA_SEMAX_5MG_40x20_Catalog,NA_SEMAX_5MG_3mL_Website,peptide-master-list / Live shop; pER VIAL / Per Vial; peptide-master-list / extended list,
TRUE,UD-0201,NA-Semax,NA-SEMAX,10,MG,3,CATALOG,40x20,UD_Catalog_40x20mm_M2.svg,LYOPHILIZED POWDER,36–46°F,WHITE,WHITE CAKE,UD_3mL_White_Peptide_Black_Cap_Unlabeled.png,,,,,,UD|NA-SEMAX|10MG|CATALOG,TRUE,TRUE,1,UNDISCLOSED,UNDISCLOSED,RESEARCH USE,NOT FOR HUMAN,CONSUMPTION,NA_SEMAX_10MG_40x20_Catalog,NA_SEMAX_10MG_3mL_Website,peptide-master-list / Live shop; peptide-master-list / extended list,
TRUE,UD-0202,NAD+,NAD+,100,MG,10,CATALOG,50x30,UD_Catalog_50x30mm_M2.svg,LYOPHILIZED POWDER,36–46°F,WHITE,WHITE CAKE,UD_10mL_White_Peptide_Black_Cap_Unlabeled.png,,,,,,UD|NAD+|100MG|CATALOG,TRUE,TRUE,1,UNDISCLOSED,UNDISCLOSED,RESEARCH USE,NOT FOR HUMAN,CONSUMPTION,NAD_100MG_50x30_Catalog,NAD_100MG_10mL_Website,peptide-master-list / extended list,
TRUE,UD-0203,NAD+,NAD+,500,MG,10,CATALOG,50x30,UD_Catalog_50x30mm_M2.svg,LYOPHILIZED POWDER,36–46°F,WHITE,WHITE CAKE,UD_10mL_White_Peptide_Black_Cap_Unlabeled.png,,,,,,UD|NAD+|500MG|CATALOG,TRUE,TRUE,1,UNDISCLOSED,UNDISCLOSED,RESEARCH USE,NOT FOR HUMAN,CONSUMPTION,NAD_500MG_50x30_Catalog,NAD_500MG_10mL_Website,peptide-master-list / extended list,
TRUE,UD-0204,NAD+,NAD+,1000,MG,10,CATALOG,50x30,UD_Catalog_50x30mm_M2.svg,LYOPHILIZED POWDER,36–46°F,WHITE,WHITE CAKE,UD_10mL_White_Peptide_Black_Cap_Unlabeled.png,,,,,,UD|NAD+|1000MG|CATALOG,TRUE,TRUE,1,UNDISCLOSED,UNDISCLOSED,RESEARCH USE,NOT FOR HUMAN,CONSUMPTION,NAD_1000MG_50x30_Catalog,NAD_1000MG_10mL_Website,peptide-master-list / Live shop; peptide-master-list / extended list,
TRUE,UD-0205,Oxytocin Acetate,OXYTOCIN ACETATE,2,MG,3,CATALOG,40x20,UD_Catalog_40x20mm_M2.svg,LYOPHILIZED POWDER,36–46°F,WHITE,WHITE CAKE,UD_3mL_White_Peptide_Black_Cap_Unlabeled.png,0.8 mL,2.5 mg/mL,,,,UD|OXYTOCIN ACETATE|2MG|CATALOG,TRUE,TRUE,1,UNDISCLOSED,UNDISCLOSED,RESEARCH USE,NOT FOR HUMAN,CONSUMPTION,OXYTOCIN_ACETATE_2MG_40x20_Catalog,OXYTOCIN_ACETATE_2MG_3mL_Website,pER VIAL / Per Vial; peptide-master-list / extended list,
TRUE,UD-0206,Oxytocin Acetate,OXYTOCIN ACETATE,5,MG,3,CATALOG,40x20,UD_Catalog_40x20mm_M2.svg,LYOPHILIZED POWDER,36–46°F,WHITE,WHITE CAKE,UD_3mL_White_Peptide_Black_Cap_Unlabeled.png,2 mL,2.5 mg/mL,,,,UD|OXYTOCIN ACETATE|5MG|CATALOG,TRUE,TRUE,1,UNDISCLOSED,UNDISCLOSED,RESEARCH USE,NOT FOR HUMAN,CONSUMPTION,OXYTOCIN_ACETATE_5MG_40x20_Catalog,OXYTOCIN_ACETATE_5MG_3mL_Website,pER VIAL / Per Vial; peptide-master-list / extended list,
TRUE,UD-0207,Oxytocin Acetate,OXYTOCIN ACETATE,10,MG,3,CATALOG,40x20,UD_Catalog_40x20mm_M2.svg,LYOPHILIZED POWDER,36–46°F,WHITE,WHITE CAKE,UD_3mL_White_Peptide_Black_Cap_Unlabeled.png,1 mL,10 mg/mL,,,,UD|OXYTOCIN ACETATE|10MG|CATALOG,TRUE,TRUE,1,UNDISCLOSED,UNDISCLOSED,RESEARCH USE,NOT FOR HUMAN,CONSUMPTION,OXYTOCIN_ACETATE_10MG_40x20_Catalog,OXYTOCIN_ACETATE_10MG_3mL_Website,pER VIAL / Per Vial; peptide-master-list / extended list,
TRUE,UD-0208,P21,P21,5,MG,3,CATALOG,40x20,UD_Catalog_40x20mm_M2.svg,LYOPHILIZED POWDER,36–46°F,WHITE,WHITE CAKE,UD_3mL_White_Peptide_Black_Cap_Unlabeled.png,2 mL,2.5 mg/mL,,,,UD|P21|5MG|CATALOG,TRUE,TRUE,1,UNDISCLOSED,UNDISCLOSED,RESEARCH USE,NOT FOR HUMAN,CONSUMPTION,P21_5MG_40x20_Catalog,P21_5MG_3mL_Website,pER VIAL / Per Vial,
TRUE,UD-0209,P21 (P021),P21 (P021),5,MG,3,CATALOG,40x20,UD_Catalog_40x20mm_M2.svg,LYOPHILIZED POWDER,36–46°F,WHITE,WHITE CAKE,UD_3mL_White_Peptide_Black_Cap_Unlabeled.png,,,,,,UD|P21 (P021)|5MG|CATALOG,TRUE,TRUE,1,UNDISCLOSED,UNDISCLOSED,RESEARCH USE,NOT FOR HUMAN,CONSUMPTION,P21_P021_5MG_40x20_Catalog,P21_P021_5MG_3mL_Website,peptide-master-list / extended list,
TRUE,UD-0210,PE-22-28,PE-22-28,5,MG,3,CATALOG,40x20,UD_Catalog_40x20mm_M2.svg,LYOPHILIZED POWDER,36–46°F,WHITE,WHITE CAKE,UD_3mL_White_Peptide_Black_Cap_Unlabeled.png,2 mL,2.5 mg/mL,,,,UD|PE-22-28|5MG|CATALOG,TRUE,TRUE,1,UNDISCLOSED,UNDISCLOSED,RESEARCH USE,NOT FOR HUMAN,CONSUMPTION,PE_22_28_5MG_40x20_Catalog,PE_22_28_5MG_3mL_Website,pER VIAL / Per Vial; peptide-master-list / extended list,
TRUE,UD-0211,PE-22-28,PE-22-28,10,MG,3,CATALOG,40x20,UD_Catalog_40x20mm_M2.svg,LYOPHILIZED POWDER,36–46°F,WHITE,WHITE CAKE,UD_3mL_White_Peptide_Black_Cap_Unlabeled.png,1 mL,10 mg/mL,,,,UD|PE-22-28|10MG|CATALOG,TRUE,TRUE,1,UNDISCLOSED,UNDISCLOSED,RESEARCH USE,NOT FOR HUMAN,CONSUMPTION,PE_22_28_10MG_40x20_Catalog,PE_22_28_10MG_3mL_Website,pER VIAL / Per Vial; peptide-master-list / extended list,
TRUE,UD-0212,PEG MGF,PEG MGF,2,MG,3,CATALOG,40x20,UD_Catalog_40x20mm_M2.svg,LYOPHILIZED POWDER,36–46°F,WHITE,WHITE CAKE,UD_3mL_White_Peptide_Black_Cap_Unlabeled.png,0.8 mL,2.5 mg/mL,,,,UD|PEG MGF|2MG|CATALOG,TRUE,TRUE,1,UNDISCLOSED,UNDISCLOSED,RESEARCH USE,NOT FOR HUMAN,CONSUMPTION,PEG_MGF_2MG_40x20_Catalog,PEG_MGF_2MG_3mL_Website,pER VIAL / Per Vial; peptide-master-list / extended list,
TRUE,UD-0213,Pinealon,PINEALON,5,MG,3,CATALOG,40x20,UD_Catalog_40x20mm_M2.svg,LYOPHILIZED POWDER,36–46°F,WHITE,WHITE CAKE,UD_3mL_White_Peptide_Black_Cap_Unlabeled.png,2 mL,2.5 mg/mL,,,,UD|PINEALON|5MG|CATALOG,TRUE,TRUE,1,UNDISCLOSED,UNDISCLOSED,RESEARCH USE,NOT FOR HUMAN,CONSUMPTION,PINEALON_5MG_40x20_Catalog,PINEALON_5MG_3mL_Website,pER VIAL / Per Vial; peptide-master-list / extended list,
TRUE,UD-0214,Pinealon,PINEALON,10,MG,3,CATALOG,40x20,UD_Catalog_40x20mm_M2.svg,LYOPHILIZED POWDER,36–46°F,WHITE,WHITE CAKE,UD_3mL_White_Peptide_Black_Cap_Unlabeled.png,1 mL,10 mg/mL,,,,UD|PINEALON|10MG|CATALOG,TRUE,TRUE,1,UNDISCLOSED,UNDISCLOSED,RESEARCH USE,NOT FOR HUMAN,CONSUMPTION,PINEALON_10MG_40x20_Catalog,PINEALON_10MG_3mL_Website,pER VIAL / Per Vial; peptide-master-list / extended list,
TRUE,UD-0215,Pinealon,PINEALON,20,MG,3,CATALOG,40x20,UD_Catalog_40x20mm_M2.svg,LYOPHILIZED POWDER,36–46°F,WHITE,WHITE CAKE,UD_3mL_White_Peptide_Black_Cap_Unlabeled.png,2 mL,10 mg/mL,,,,UD|PINEALON|20MG|CATALOG,TRUE,TRUE,1,UNDISCLOSED,UNDISCLOSED,RESEARCH USE,NOT FOR HUMAN,CONSUMPTION,PINEALON_20MG_40x20_Catalog,PINEALON_20MG_3mL_Website,pER VIAL / Per Vial; peptide-master-list / extended list,
TRUE,UD-0216,PM: Gaba 100mg/ml Melatonin1mg/ml Arginine 100mg/m,PG100MGMMMA100MG,0,MG,3,CATALOG,40x20,UD_Catalog_40x20mm_M2.svg,LYOPHILIZED POWDER,36–46°F,WHITE,WHITE CAKE,UD_3mL_White_Peptide_Black_Cap_Unlabeled.png,,,,,,UD|PG100MGMMMA100MG|0MG|CATALOG,TRUE,TRUE,1,UNDISCLOSED,UNDISCLOSED,RESEARCH USE,NOT FOR HUMAN,CONSUMPTION,PG100MGMMMA100MG_0MG_40x20_Catalog,PG100MGMMMA100MG_0MG_3mL_Website,peptide-master-list / extended list,
TRUE,UD-0217,PT-141,PT-141,10,MG,3,CATALOG,40x20,UD_Catalog_40x20mm_M2.svg,LYOPHILIZED POWDER,36–46°F,WHITE,WHITE CAKE,UD_3mL_White_Peptide_Black_Cap_Unlabeled.png,1 mL,10 mg/mL,,,,UD|PT-141|10MG|CATALOG,TRUE,TRUE,1,UNDISCLOSED,UNDISCLOSED,RESEARCH USE,NOT FOR HUMAN,CONSUMPTION,PT_141_10MG_40x20_Catalog,PT_141_10MG_3mL_Website,peptide-master-list / Live shop; pER VIAL / Per Vial; peptide-master-list / extended list,
TRUE,UD-0218,PT141,PT141,10,MG,3,CATALOG,40x20,UD_Catalog_40x20mm_M2.svg,LYOPHILIZED POWDER,36–46°F,WHITE,WHITE CAKE,UD_3mL_White_Peptide_Black_Cap_Unlabeled.png,,,,,,UD|PT141|10MG|CATALOG,TRUE,TRUE,1,UNDISCLOSED,UNDISCLOSED,RESEARCH USE,NOT FOR HUMAN,CONSUMPTION,PT141_10MG_40x20_Catalog,PT141_10MG_3mL_Website,peptide-master-list / extended list,
TRUE,UD-0219,RelaxatalonPM,RELAXATALONPM,10,MG,3,CATALOG,40x20,UD_Catalog_40x20mm_M2.svg,LYOPHILIZED POWDER,36–46°F,WHITE,WHITE CAKE,UD_3mL_White_Peptide_Black_Cap_Unlabeled.png,1 mL,10 mg/mL,,,,UD|RELAXATALONPM|10MG|CATALOG,TRUE,TRUE,1,UNDISCLOSED,UNDISCLOSED,RESEARCH USE,NOT FOR HUMAN,CONSUMPTION,RELAXATALONPM_10MG_40x20_Catalog,RELAXATALONPM_10MG_3mL_Website,pER VIAL / Per Vial; peptide-master-list / extended list,
TRUE,UD-0220,Retatrutide,RETATRUTIDE,5,MG,3,CATALOG,40x20,UD_Catalog_40x20mm_M2.svg,LYOPHILIZED POWDER,36–46°F,WHITE,WHITE CAKE,UD_3mL_White_Peptide_Black_Cap_Unlabeled.png,0.5 mL,10 mg/mL,,,,UD|RETATRUTIDE|5MG|CATALOG,TRUE,TRUE,1,UNDISCLOSED,UNDISCLOSED,RESEARCH USE,NOT FOR HUMAN,CONSUMPTION,RETATRUTIDE_5MG_40x20_Catalog,RETATRUTIDE_5MG_3mL_Website,pER VIAL / Per Vial; peptide-master-list / extended list,
TRUE,UD-0221,Retatrutide,RETATRUTIDE,10,MG,3,CATALOG,40x20,UD_Catalog_40x20mm_M2.svg,LYOPHILIZED POWDER,36–46°F,WHITE,WHITE CAKE,UD_3mL_White_Peptide_Black_Cap_Unlabeled.png,1 mL,10 mg/mL,,,,UD|RETATRUTIDE|10MG|CATALOG,TRUE,TRUE,1,UNDISCLOSED,UNDISCLOSED,RESEARCH USE,NOT FOR HUMAN,CONSUMPTION,RETATRUTIDE_10MG_40x20_Catalog,RETATRUTIDE_10MG_3mL_Website,peptide-master-list / Live shop; pER VIAL / Per Vial; peptide-master-list / extended list,
TRUE,UD-0222,Retatrutide,RETATRUTIDE,12,MG,3,CATALOG,40x20,UD_Catalog_40x20mm_M2.svg,LYOPHILIZED POWDER,36–46°F,WHITE,WHITE CAKE,UD_3mL_White_Peptide_Black_Cap_Unlabeled.png,1.2 mL,10 mg/mL,,,,UD|RETATRUTIDE|12MG|CATALOG,TRUE,TRUE,1,UNDISCLOSED,UNDISCLOSED,RESEARCH USE,NOT FOR HUMAN,CONSUMPTION,RETATRUTIDE_12MG_40x20_Catalog,RETATRUTIDE_12MG_3mL_Website,pER VIAL / Per Vial; peptide-master-list / extended list,
TRUE,UD-0223,Retatrutide,RETATRUTIDE,15,MG,3,CATALOG,40x20,UD_Catalog_40x20mm_M2.svg,LYOPHILIZED POWDER,36–46°F,WHITE,WHITE CAKE,UD_3mL_White_Peptide_Black_Cap_Unlabeled.png,1.5 mL,10 mg/mL,,,,UD|RETATRUTIDE|15MG|CATALOG,TRUE,TRUE,1,UNDISCLOSED,UNDISCLOSED,RESEARCH USE,NOT FOR HUMAN,CONSUMPTION,RETATRUTIDE_15MG_40x20_Catalog,RETATRUTIDE_15MG_3mL_Website,pER VIAL / Per Vial; peptide-master-list / extended list,
TRUE,UD-0224,Retatrutide,RETATRUTIDE,20,MG,3,CATALOG,40x20,UD_Catalog_40x20mm_M2.svg,LYOPHILIZED POWDER,36–46°F,WHITE,WHITE CAKE,UD_3mL_White_Peptide_Black_Cap_Unlabeled.png,2 mL,10 mg/mL,,,,UD|RETATRUTIDE|20MG|CATALOG,TRUE,TRUE,1,UNDISCLOSED,UNDISCLOSED,RESEARCH USE,NOT FOR HUMAN,CONSUMPTION,RETATRUTIDE_20MG_40x20_Catalog,RETATRUTIDE_20MG_3mL_Website,peptide-master-list / Live shop; pER VIAL / Per Vial; peptide-master-list / extended list,
TRUE,UD-0225,Retatrutide,RETATRUTIDE,30,MG,3,CATALOG,40x20,UD_Catalog_40x20mm_M2.svg,LYOPHILIZED POWDER,36–46°F,WHITE,WHITE CAKE,UD_3mL_White_Peptide_Black_Cap_Unlabeled.png,1.5 mL,20 mg/mL,,,,UD|RETATRUTIDE|30MG|CATALOG,TRUE,TRUE,1,UNDISCLOSED,UNDISCLOSED,RESEARCH USE,NOT FOR HUMAN,CONSUMPTION,RETATRUTIDE_30MG_40x20_Catalog,RETATRUTIDE_30MG_3mL_Website,peptide-master-list / Live shop; pER VIAL / Per Vial; peptide-master-list / extended list,
TRUE,UD-0226,Retatrutide,RETATRUTIDE,40,MG,3,CATALOG,40x20,UD_Catalog_40x20mm_M2.svg,LYOPHILIZED POWDER,36–46°F,WHITE,WHITE CAKE,UD_3mL_White_Peptide_Black_Cap_Unlabeled.png,2 mL,20 mg/mL,,,,UD|RETATRUTIDE|40MG|CATALOG,TRUE,TRUE,1,UNDISCLOSED,UNDISCLOSED,RESEARCH USE,NOT FOR HUMAN,CONSUMPTION,RETATRUTIDE_40MG_40x20_Catalog,RETATRUTIDE_40MG_3mL_Website,pER VIAL / Per Vial; peptide-master-list / extended list,
TRUE,UD-0227,Retatrutide,RETATRUTIDE,50,MG,3,CATALOG,40x20,UD_Catalog_40x20mm_M2.svg,LYOPHILIZED POWDER,36–46°F,WHITE,WHITE CAKE,UD_3mL_White_Peptide_Black_Cap_Unlabeled.png,2.5 mL,20 mg/mL,,,,UD|RETATRUTIDE|50MG|CATALOG,TRUE,TRUE,1,UNDISCLOSED,UNDISCLOSED,RESEARCH USE,NOT FOR HUMAN,CONSUMPTION,RETATRUTIDE_50MG_40x20_Catalog,RETATRUTIDE_50MG_3mL_Website,pER VIAL / Per Vial; peptide-master-list / extended list,
TRUE,UD-0228,Retatrutide,RETATRUTIDE,60,MG,3,CATALOG,40x20,UD_Catalog_40x20mm_M2.svg,LYOPHILIZED POWDER,36–46°F,WHITE,WHITE CAKE,UD_3mL_White_Peptide_Black_Cap_Unlabeled.png,3 mL,20 mg/mL,,,,UD|RETATRUTIDE|60MG|CATALOG,TRUE,TRUE,1,UNDISCLOSED,UNDISCLOSED,RESEARCH USE,NOT FOR HUMAN,CONSUMPTION,RETATRUTIDE_60MG_40x20_Catalog,RETATRUTIDE_60MG_3mL_Website,pER VIAL / Per Vial; peptide-master-list / extended list,
TRUE,UD-0229,Retatrutide,RETATRUTIDE,100,MG,3,CATALOG,40x20,UD_Catalog_40x20mm_M2.svg,LYOPHILIZED POWDER,36–46°F,WHITE,WHITE CAKE,UD_3mL_White_Peptide_Black_Cap_Unlabeled.png,,,,,,UD|RETATRUTIDE|100MG|CATALOG,TRUE,TRUE,1,UNDISCLOSED,UNDISCLOSED,RESEARCH USE,NOT FOR HUMAN,CONSUMPTION,RETATRUTIDE_100MG_40x20_Catalog,RETATRUTIDE_100MG_3mL_Website,peptide-master-list / extended list,
TRUE,UD-0230,Selank,SELANK,1,MG,3,CATALOG,40x20,UD_Catalog_40x20mm_M2.svg,LYOPHILIZED POWDER,36–46°F,WHITE,WHITE CAKE,UD_3mL_White_Peptide_Black_Cap_Unlabeled.png,0.333 mL,3 mg/mL,,,,UD|SELANK|1MG|CATALOG,TRUE,TRUE,1,UNDISCLOSED,UNDISCLOSED,RESEARCH USE,NOT FOR HUMAN,CONSUMPTION,SELANK_1MG_40x20_Catalog,SELANK_1MG_3mL_Website,pER VIAL / Per Vial,0.333 mL is below the ~0.5 mL floor for wetting the cake and drawing a dose reliably.
TRUE,UD-0231,Selank,SELANK,5,MG,3,CATALOG,40x20,UD_Catalog_40x20mm_M2.svg,LYOPHILIZED POWDER,36–46°F,WHITE,WHITE CAKE,UD_3mL_White_Peptide_Black_Cap_Unlabeled.png,1.67 mL,2.99 mg/mL,,,,UD|SELANK|5MG|CATALOG,TRUE,TRUE,1,UNDISCLOSED,UNDISCLOSED,RESEARCH USE,NOT FOR HUMAN,CONSUMPTION,SELANK_5MG_40x20_Catalog,SELANK_5MG_3mL_Website,pER VIAL / Per Vial; peptide-master-list / extended list,
TRUE,UD-0232,Selank,SELANK,10,MG,3,CATALOG,40x20,UD_Catalog_40x20mm_M2.svg,LYOPHILIZED POWDER,36–46°F,WHITE,WHITE CAKE,UD_3mL_White_Peptide_Black_Cap_Unlabeled.png,,,,,,UD|SELANK|10MG|CATALOG,TRUE,TRUE,1,UNDISCLOSED,UNDISCLOSED,RESEARCH USE,NOT FOR HUMAN,CONSUMPTION,SELANK_10MG_40x20_Catalog,SELANK_10MG_3mL_Website,peptide-master-list / Live shop; peptide-master-list / extended list,
TRUE,UD-0233,Selank + Semax,SELANK + SEMAX,1,MG,3,CATALOG,40x20,UD_Catalog_40x20mm_M2.svg,LYOPHILIZED POWDER,36–46°F,WHITE,WHITE CAKE,UD_3mL_White_Peptide_Black_Cap_Unlabeled.png,0.333 mL,3 mg/mL,,,,UD|SELANK + SEMAX|1MG|CATALOG,TRUE,TRUE,1,UNDISCLOSED,UNDISCLOSED,RESEARCH USE,NOT FOR HUMAN,CONSUMPTION,SELANK_SEMAX_1MG_40x20_Catalog,SELANK_SEMAX_1MG_3mL_Website,pER VIAL / Per Vial,0.333 mL is below the ~0.5 mL floor for wetting the cake and drawing a dose reliably.
TRUE,UD-0234,Selank+Semax,SELANK+SEMAX,10,MG,3,CATALOG,40x20,UD_Catalog_40x20mm_M2.svg,LYOPHILIZED POWDER,36–46°F,WHITE,WHITE CAKE,UD_3mL_White_Peptide_Black_Cap_Unlabeled.png,,,,,,UD|SELANK+SEMAX|10MG|CATALOG,TRUE,TRUE,1,UNDISCLOSED,UNDISCLOSED,RESEARCH USE,NOT FOR HUMAN,CONSUMPTION,SELANK_SEMAX_10MG_40x20_Catalog,SELANK_SEMAX_10MG_3mL_Website,peptide-master-list / extended list,
TRUE,UD-0235,Semaglutide,SEMAGLUTIDE,5,MG,3,CATALOG,40x20,UD_Catalog_40x20mm_M2.svg,LYOPHILIZED POWDER,36–46°F,WHITE,WHITE CAKE,UD_3mL_White_Peptide_Black_Cap_Unlabeled.png,2 mL,2.5 mg/mL,,,,UD|SEMAGLUTIDE|5MG|CATALOG,TRUE,TRUE,1,UNDISCLOSED,UNDISCLOSED,RESEARCH USE,NOT FOR HUMAN,CONSUMPTION,SEMAGLUTIDE_5MG_40x20_Catalog,SEMAGLUTIDE_5MG_3mL_Website,peptide-master-list / Live shop; pER VIAL / Per Vial; peptide-master-list / extended list,
TRUE,UD-0236,Semaglutide,SEMAGLUTIDE,10,MG,3,CATALOG,40x20,UD_Catalog_40x20mm_M2.svg,LYOPHILIZED POWDER,36–46°F,WHITE,WHITE CAKE,UD_3mL_White_Peptide_Black_Cap_Unlabeled.png,1 mL,10 mg/mL,,,,UD|SEMAGLUTIDE|10MG|CATALOG,TRUE,TRUE,1,UNDISCLOSED,UNDISCLOSED,RESEARCH USE,NOT FOR HUMAN,CONSUMPTION,SEMAGLUTIDE_10MG_40x20_Catalog,SEMAGLUTIDE_10MG_3mL_Website,peptide-master-list / Live shop; pER VIAL / Per Vial; peptide-master-list / extended list,
TRUE,UD-0237,Semaglutide,SEMAGLUTIDE,15,MG,3,CATALOG,40x20,UD_Catalog_40x20mm_M2.svg,LYOPHILIZED POWDER,36–46°F,WHITE,WHITE CAKE,UD_3mL_White_Peptide_Black_Cap_Unlabeled.png,1.5 mL,10 mg/mL,,,,UD|SEMAGLUTIDE|15MG|CATALOG,TRUE,TRUE,1,UNDISCLOSED,UNDISCLOSED,RESEARCH USE,NOT FOR HUMAN,CONSUMPTION,SEMAGLUTIDE_15MG_40x20_Catalog,SEMAGLUTIDE_15MG_3mL_Website,peptide-master-list / Live shop; pER VIAL / Per Vial; peptide-master-list / extended list,
TRUE,UD-0238,Semaglutide,SEMAGLUTIDE,20,MG,3,CATALOG,40x20,UD_Catalog_40x20mm_M2.svg,LYOPHILIZED POWDER,36–46°F,WHITE,WHITE CAKE,UD_3mL_White_Peptide_Black_Cap_Unlabeled.png,2 mL,10 mg/mL,,,,UD|SEMAGLUTIDE|20MG|CATALOG,TRUE,TRUE,1,UNDISCLOSED,UNDISCLOSED,RESEARCH USE,NOT FOR HUMAN,CONSUMPTION,SEMAGLUTIDE_20MG_40x20_Catalog,SEMAGLUTIDE_20MG_3mL_Website,peptide-master-list / Live shop; pER VIAL / Per Vial; peptide-master-list / extended list,
TRUE,UD-0239,Semaglutide,SEMAGLUTIDE,30,MG,3,CATALOG,40x20,UD_Catalog_40x20mm_M2.svg,LYOPHILIZED POWDER,36–46°F,WHITE,WHITE CAKE,UD_3mL_White_Peptide_Black_Cap_Unlabeled.png,3 mL,10 mg/mL,,,,UD|SEMAGLUTIDE|30MG|CATALOG,TRUE,TRUE,1,UNDISCLOSED,UNDISCLOSED,RESEARCH USE,NOT FOR HUMAN,CONSUMPTION,SEMAGLUTIDE_30MG_40x20_Catalog,SEMAGLUTIDE_30MG_3mL_Website,peptide-master-list / Live shop; pER VIAL / Per Vial; peptide-master-list / extended list,
TRUE,UD-0240,Semax,SEMAX,1,MG,3,CATALOG,40x20,UD_Catalog_40x20mm_M2.svg,LYOPHILIZED POWDER,36–46°F,WHITE,WHITE CAKE,UD_3mL_White_Peptide_Black_Cap_Unlabeled.png,0.333 mL,3 mg/mL,,,,UD|SEMAX|1MG|CATALOG,TRUE,TRUE,1,UNDISCLOSED,UNDISCLOSED,RESEARCH USE,NOT FOR HUMAN,CONSUMPTION,SEMAX_1MG_40x20_Catalog,SEMAX_1MG_3mL_Website,pER VIAL / Per Vial,0.333 mL is below the ~0.5 mL floor for wetting the cake and drawing a dose reliably.
TRUE,UD-0241,Semax,SEMAX,5,MG,3,CATALOG,40x20,UD_Catalog_40x20mm_M2.svg,LYOPHILIZED POWDER,36–46°F,WHITE,WHITE CAKE,UD_3mL_White_Peptide_Black_Cap_Unlabeled.png,1.67 mL,2.99 mg/mL,,,,UD|SEMAX|5MG|CATALOG,TRUE,TRUE,1,UNDISCLOSED,UNDISCLOSED,RESEARCH USE,NOT FOR HUMAN,CONSUMPTION,SEMAX_5MG_40x20_Catalog,SEMAX_5MG_3mL_Website,pER VIAL / Per Vial; peptide-master-list / extended list,
TRUE,UD-0242,Semax,SEMAX,10,MG,3,CATALOG,40x20,UD_Catalog_40x20mm_M2.svg,LYOPHILIZED POWDER,36–46°F,WHITE,WHITE CAKE,UD_3mL_White_Peptide_Black_Cap_Unlabeled.png,,,,,,UD|SEMAX|10MG|CATALOG,TRUE,TRUE,1,UNDISCLOSED,UNDISCLOSED,RESEARCH USE,NOT FOR HUMAN,CONSUMPTION,SEMAX_10MG_40x20_Catalog,SEMAX_10MG_3mL_Website,peptide-master-list / Live shop; peptide-master-list / extended list,
TRUE,UD-0243,Sermorelin,SERMORELIN,2,MG,3,CATALOG,40x20,UD_Catalog_40x20mm_M2.svg,LYOPHILIZED POWDER,36–46°F,WHITE,WHITE CAKE,UD_3mL_White_Peptide_Black_Cap_Unlabeled.png,0.8 mL,2.5 mg/mL,,,,UD|SERMORELIN|2MG|CATALOG,TRUE,TRUE,1,UNDISCLOSED,UNDISCLOSED,RESEARCH USE,NOT FOR HUMAN,CONSUMPTION,SERMORELIN_2MG_40x20_Catalog,SERMORELIN_2MG_3mL_Website,pER VIAL / Per Vial,
TRUE,UD-0244,Sermorelin,SERMORELIN,5,MG,3,CATALOG,40x20,UD_Catalog_40x20mm_M2.svg,LYOPHILIZED POWDER,36–46°F,WHITE,WHITE CAKE,UD_3mL_White_Peptide_Black_Cap_Unlabeled.png,2 mL,2.5 mg/mL,,,,UD|SERMORELIN|5MG|CATALOG,TRUE,TRUE,1,UNDISCLOSED,UNDISCLOSED,RESEARCH USE,NOT FOR HUMAN,CONSUMPTION,SERMORELIN_5MG_40x20_Catalog,SERMORELIN_5MG_3mL_Website,pER VIAL / Per Vial; peptide-master-list / extended list,
TRUE,UD-0245,Sermorelin,SERMORELIN,10,MG,3,CATALOG,40x20,UD_Catalog_40x20mm_M2.svg,LYOPHILIZED POWDER,36–46°F,WHITE,WHITE CAKE,UD_3mL_White_Peptide_Black_Cap_Unlabeled.png,1 mL,10 mg/mL,,,,UD|SERMORELIN|10MG|CATALOG,TRUE,TRUE,1,UNDISCLOSED,UNDISCLOSED,RESEARCH USE,NOT FOR HUMAN,CONSUMPTION,SERMORELIN_10MG_40x20_Catalog,SERMORELIN_10MG_3mL_Website,pER VIAL / Per Vial; peptide-master-list / extended list,
TRUE,UD-0246,Sermorelin Acetate,SERMORELIN ACETATE,2,MG,3,CATALOG,40x20,UD_Catalog_40x20mm_M2.svg,LYOPHILIZED POWDER,36–46°F,WHITE,WHITE CAKE,UD_3mL_White_Peptide_Black_Cap_Unlabeled.png,,,,,,UD|SERMORELIN ACETATE|2MG|CATALOG,TRUE,TRUE,1,UNDISCLOSED,UNDISCLOSED,RESEARCH USE,NOT FOR HUMAN,CONSUMPTION,SERMORELIN_ACETATE_2MG_40x20_Catalog,SERMORELIN_ACETATE_2MG_3mL_Website,peptide-master-list / extended list,
TRUE,UD-0247,Sermorelin Acetate,SERMORELIN ACETATE,5,MG,3,CATALOG,40x20,UD_Catalog_40x20mm_M2.svg,LYOPHILIZED POWDER,36–46°F,WHITE,WHITE CAKE,UD_3mL_White_Peptide_Black_Cap_Unlabeled.png,,,,,,UD|SERMORELIN ACETATE|5MG|CATALOG,TRUE,TRUE,1,UNDISCLOSED,UNDISCLOSED,RESEARCH USE,NOT FOR HUMAN,CONSUMPTION,SERMORELIN_ACETATE_5MG_40x20_Catalog,SERMORELIN_ACETATE_5MG_3mL_Website,peptide-master-list / extended list,
TRUE,UD-0248,Sermorelin Acetate,SERMORELIN ACETATE,10,MG,3,CATALOG,40x20,UD_Catalog_40x20mm_M2.svg,LYOPHILIZED POWDER,36–46°F,WHITE,WHITE CAKE,UD_3mL_White_Peptide_Black_Cap_Unlabeled.png,,,,,,UD|SERMORELIN ACETATE|10MG|CATALOG,TRUE,TRUE,1,UNDISCLOSED,UNDISCLOSED,RESEARCH USE,NOT FOR HUMAN,CONSUMPTION,SERMORELIN_ACETATE_10MG_40x20_Catalog,SERMORELIN_ACETATE_10MG_3mL_Website,peptide-master-list / extended list,
TRUE,UD-0249,SHB,SHB,10,MG,3,CATALOG,40x20,UD_Catalog_40x20mm_M2.svg,LYOPHILIZED POWDER,36–46°F,WHITE,WHITE CAKE,UD_3mL_White_Peptide_Black_Cap_Unlabeled.png,,,,,,UD|SHB|10MG|CATALOG,TRUE,TRUE,1,UNDISCLOSED,UNDISCLOSED,RESEARCH USE,NOT FOR HUMAN,CONSUMPTION,SHB_10MG_40x20_Catalog,SHB_10MG_3mL_Website,peptide-master-list / extended list,
TRUE,UD-0250,SLU-PP-332,SLU-PP-332,5,MG,3,CATALOG,40x20,UD_Catalog_40x20mm_M2.svg,LYOPHILIZED POWDER,36–46°F,WHITE,WHITE CAKE,UD_3mL_White_Peptide_Black_Cap_Unlabeled.png,2 mL,2.5 mg/mL,,,,UD|SLU-PP-332|5MG|CATALOG,TRUE,TRUE,1,UNDISCLOSED,UNDISCLOSED,RESEARCH USE,NOT FOR HUMAN,CONSUMPTION,SLU_PP_332_5MG_40x20_Catalog,SLU_PP_332_5MG_3mL_Website,pER VIAL / Per Vial; peptide-master-list / extended list,
TRUE,UD-0251,Slupp-322,SLUPP-322,5,MG,3,CATALOG,40x20,UD_Catalog_40x20mm_M2.svg,LYOPHILIZED POWDER,36–46°F,WHITE,WHITE CAKE,UD_3mL_White_Peptide_Black_Cap_Unlabeled.png,,,,,,UD|SLUPP-322|5MG|CATALOG,TRUE,TRUE,1,UNDISCLOSED,UNDISCLOSED,RESEARCH USE,NOT FOR HUMAN,CONSUMPTION,SLUPP_322_5MG_40x20_Catalog,SLUPP_322_5MG_3mL_Website,peptide-master-list / extended list,
TRUE,UD-0252,SNAP-8,SNAP-8,10,MG,3,CATALOG,40x20,UD_Catalog_40x20mm_M2.svg,LYOPHILIZED POWDER,36–46°F,WHITE,WHITE CAKE,UD_3mL_White_Peptide_Black_Cap_Unlabeled.png,1 mL,10 mg/mL,,,,UD|SNAP-8|10MG|CATALOG,TRUE,TRUE,1,UNDISCLOSED,UNDISCLOSED,RESEARCH USE,NOT FOR HUMAN,CONSUMPTION,SNAP_8_10MG_40x20_Catalog,SNAP_8_10MG_3mL_Website,pER VIAL / Per Vial; peptide-master-list / extended list,
TRUE,UD-0253,Snap8,SNAP8,10,MG,3,CATALOG,40x20,UD_Catalog_40x20mm_M2.svg,LYOPHILIZED POWDER,36–46°F,WHITE,WHITE CAKE,UD_3mL_White_Peptide_Black_Cap_Unlabeled.png,,,,,,UD|SNAP8|10MG|CATALOG,TRUE,TRUE,1,UNDISCLOSED,UNDISCLOSED,RESEARCH USE,NOT FOR HUMAN,CONSUMPTION,SNAP8_10MG_40x20_Catalog,SNAP8_10MG_3mL_Website,peptide-master-list / extended list,
TRUE,UD-0254,SS-31,SS-31,10,MG,3,CATALOG,40x20,UD_Catalog_40x20mm_M2.svg,LYOPHILIZED POWDER,36–46°F,WHITE,WHITE CAKE,UD_3mL_White_Peptide_Black_Cap_Unlabeled.png,0.2 mL,50 mg/mL,,,,UD|SS-31|10MG|CATALOG,TRUE,TRUE,1,UNDISCLOSED,UNDISCLOSED,RESEARCH USE,NOT FOR HUMAN,CONSUMPTION,SS_31_10MG_40x20_Catalog,SS_31_10MG_3mL_Website,peptide-master-list / Live shop; pER VIAL / Per Vial; peptide-master-list / extended list,0.2 mL is below the ~0.5 mL floor for wetting the cake and drawing a dose reliably.
TRUE,UD-0255,SS-31,SS-31,30,MG,3,CATALOG,40x20,UD_Catalog_40x20mm_M2.svg,LYOPHILIZED POWDER,36–46°F,WHITE,WHITE CAKE,UD_3mL_White_Peptide_Black_Cap_Unlabeled.png,0.6 mL,50 mg/mL,,,,UD|SS-31|30MG|CATALOG,TRUE,TRUE,1,UNDISCLOSED,UNDISCLOSED,RESEARCH USE,NOT FOR HUMAN,CONSUMPTION,SS_31_30MG_40x20_Catalog,SS_31_30MG_3mL_Website,peptide-master-list / Live shop; pER VIAL / Per Vial; peptide-master-list / extended list,
TRUE,UD-0256,SS-31,SS-31,50,MG,3,CATALOG,40x20,UD_Catalog_40x20mm_M2.svg,LYOPHILIZED POWDER,36–46°F,WHITE,WHITE CAKE,UD_3mL_White_Peptide_Black_Cap_Unlabeled.png,1 mL,50 mg/mL,,,,UD|SS-31|50MG|CATALOG,TRUE,TRUE,1,UNDISCLOSED,UNDISCLOSED,RESEARCH USE,NOT FOR HUMAN,CONSUMPTION,SS_31_50MG_40x20_Catalog,SS_31_50MG_3mL_Website,peptide-master-list / Live shop; pER VIAL / Per Vial; peptide-master-list / extended list,
TRUE,UD-0257,Sterile water,STERILE WATER,3,ML,3,CATALOG,40x20,UD_Catalog_40x20mm_M2.svg,STERILE WATER,36–46°F,CLEAR,CLEAR LIQUID,UD_3mL_White_Peptide_Black_Cap_Unlabeled.png,-,-,,,,UD|STERILE WATER|3ML|CATALOG,TRUE,TRUE,1,UNDISCLOSED,UNDISCLOSED,RESEARCH USE,NOT FOR HUMAN,CONSUMPTION,STERILE_WATER_3ML_40x20_Catalog,STERILE_WATER_3ML_3mL_Website,pER VIAL / Per Vial,Not a therapeutic. Bacteriostatic water carries 0.9% benzyl alcohol (multi-dose); sterile water has no preservative (single use).
TRUE,UD-0258,Sterile water,STERILE WATER,3,ML,3,CATALOG,40x20,UD_Catalog_40x20mm_M2.svg,STERILE WATER,36–46°F,CLEAR,CLEAR LIQUID,UD_3mL_White_Peptide_Black_Cap_Unlabeled.png,,,,,,UD|STERILE WATER|3ML|CATALOG,TRUE,TRUE,1,UNDISCLOSED,UNDISCLOSED,RESEARCH USE,NOT FOR HUMAN,CONSUMPTION,STERILE_WATER_3ML_40x20_Catalog,STERILE_WATER_3ML_3mL_Website,peptide-master-list / extended list,
TRUE,UD-0259,Survodutide,SURVODUTIDE,10,MG,3,CATALOG,40x20,UD_Catalog_40x20mm_M2.svg,LYOPHILIZED POWDER,36–46°F,WHITE,WHITE CAKE,UD_3mL_White_Peptide_Black_Cap_Unlabeled.png,1 mL,10 mg/mL,,,,UD|SURVODUTIDE|10MG|CATALOG,TRUE,TRUE,1,UNDISCLOSED,UNDISCLOSED,RESEARCH USE,NOT FOR HUMAN,CONSUMPTION,SURVODUTIDE_10MG_40x20_Catalog,SURVODUTIDE_10MG_3mL_Website,pER VIAL / Per Vial; peptide-master-list / extended list,
TRUE,UD-0260,TB-500,TB-500,1,MG,3,CATALOG,40x20,UD_Catalog_40x20mm_M2.svg,LYOPHILIZED POWDER,36–46°F,WHITE,WHITE CAKE,UD_3mL_White_Peptide_Black_Cap_Unlabeled.png,0.4 mL,2.5 mg/mL,,,,UD|TB-500|1MG|CATALOG,TRUE,TRUE,1,UNDISCLOSED,UNDISCLOSED,RESEARCH USE,NOT FOR HUMAN,CONSUMPTION,TB_500_1MG_40x20_Catalog,TB_500_1MG_3mL_Website,pER VIAL / Per Vial,0.4 mL is below the ~0.5 mL floor for wetting the cake and drawing a dose reliably.
TRUE,UD-0261,TB-500,TB-500,2,MG,3,CATALOG,40x20,UD_Catalog_40x20mm_M2.svg,LYOPHILIZED POWDER,36–46°F,WHITE,WHITE CAKE,UD_3mL_White_Peptide_Black_Cap_Unlabeled.png,0.8 mL,2.5 mg/mL,,,,UD|TB-500|2MG|CATALOG,TRUE,TRUE,1,UNDISCLOSED,UNDISCLOSED,RESEARCH USE,NOT FOR HUMAN,CONSUMPTION,TB_500_2MG_40x20_Catalog,TB_500_2MG_3mL_Website,pER VIAL / Per Vial,
TRUE,UD-0262,TB-500,TB-500,5,MG,3,CATALOG,40x20,UD_Catalog_40x20mm_M2.svg,LYOPHILIZED POWDER,36–46°F,WHITE,WHITE CAKE,UD_3mL_White_Peptide_Black_Cap_Unlabeled.png,2 mL,2.5 mg/mL,,,,UD|TB-500|5MG|CATALOG,TRUE,TRUE,1,UNDISCLOSED,UNDISCLOSED,RESEARCH USE,NOT FOR HUMAN,CONSUMPTION,TB_500_5MG_40x20_Catalog,TB_500_5MG_3mL_Website,pER VIAL / Per Vial,
TRUE,UD-0263,TB-500,TB-500,10,MG,3,CATALOG,40x20,UD_Catalog_40x20mm_M2.svg,LYOPHILIZED POWDER,36–46°F,WHITE,WHITE CAKE,UD_3mL_White_Peptide_Black_Cap_Unlabeled.png,,,,,,UD|TB-500|10MG|CATALOG,TRUE,TRUE,1,UNDISCLOSED,UNDISCLOSED,RESEARCH USE,NOT FOR HUMAN,CONSUMPTION,TB_500_10MG_40x20_Catalog,TB_500_10MG_3mL_Website,peptide-master-list / extended list,
TRUE,UD-0264,TB500,TB500,2,MG,3,CATALOG,40x20,UD_Catalog_40x20mm_M2.svg,LYOPHILIZED POWDER,36–46°F,WHITE,WHITE CAKE,UD_3mL_White_Peptide_Black_Cap_Unlabeled.png,,,,,,UD|TB500|2MG|CATALOG,TRUE,TRUE,1,UNDISCLOSED,UNDISCLOSED,RESEARCH USE,NOT FOR HUMAN,CONSUMPTION,TB500_2MG_40x20_Catalog,TB500_2MG_3mL_Website,peptide-master-list / Live shop; peptide-master-list / extended list,
TRUE,UD-0265,TB500,TB500,5,MG,3,CATALOG,40x20,UD_Catalog_40x20mm_M2.svg,LYOPHILIZED POWDER,36–46°F,WHITE,WHITE CAKE,UD_3mL_White_Peptide_Black_Cap_Unlabeled.png,,,,,,UD|TB500|5MG|CATALOG,TRUE,TRUE,1,UNDISCLOSED,UNDISCLOSED,RESEARCH USE,NOT FOR HUMAN,CONSUMPTION,TB500_5MG_40x20_Catalog,TB500_5MG_3mL_Website,peptide-master-list / Live shop; peptide-master-list / extended list,
TRUE,UD-0266,TB500,TB500,10,MG,3,CATALOG,40x20,UD_Catalog_40x20mm_M2.svg,LYOPHILIZED POWDER,36–46°F,WHITE,WHITE CAKE,UD_3mL_White_Peptide_Black_Cap_Unlabeled.png,,,,,,UD|TB500|10MG|CATALOG,TRUE,TRUE,1,UNDISCLOSED,UNDISCLOSED,RESEARCH USE,NOT FOR HUMAN,CONSUMPTION,TB500_10MG_40x20_Catalog,TB500_10MG_3mL_Website,peptide-master-list / Live shop; peptide-master-list / extended list,
TRUE,UD-0267,TB500 (Thymosin Beta-4),TB500,5,MG,3,CATALOG,40x20,UD_Catalog_40x20mm_M2.svg,LYOPHILIZED POWDER,36–46°F,WHITE,WHITE CAKE,UD_3mL_White_Peptide_Black_Cap_Unlabeled.png,,,,,,UD|TB500|5MG|CATALOG,TRUE,TRUE,1,UNDISCLOSED,UNDISCLOSED,RESEARCH USE,NOT FOR HUMAN,CONSUMPTION,TB500_5MG_40x20_Catalog,TB500_5MG_3mL_Website,peptide-master-list / extended list,
TRUE,UD-0268,TB500 (Thymosin Beta-4),TB500,10,MG,3,CATALOG,40x20,UD_Catalog_40x20mm_M2.svg,LYOPHILIZED POWDER,36–46°F,WHITE,WHITE CAKE,UD_3mL_White_Peptide_Black_Cap_Unlabeled.png,,,,,,UD|TB500|10MG|CATALOG,TRUE,TRUE,1,UNDISCLOSED,UNDISCLOSED,RESEARCH USE,NOT FOR HUMAN,CONSUMPTION,TB500_10MG_40x20_Catalog,TB500_10MG_3mL_Website,peptide-master-list / extended list,
TRUE,UD-0269,Tesamorelin,TESAMORELIN,2,MG,3,CATALOG,40x20,UD_Catalog_40x20mm_M2.svg,LYOPHILIZED POWDER,36–46°F,WHITE,WHITE CAKE,UD_3mL_White_Peptide_Black_Cap_Unlabeled.png,0.2 mL,10 mg/mL,,,,UD|TESAMORELIN|2MG|CATALOG,TRUE,TRUE,1,UNDISCLOSED,UNDISCLOSED,RESEARCH USE,NOT FOR HUMAN,CONSUMPTION,TESAMORELIN_2MG_40x20_Catalog,TESAMORELIN_2MG_3mL_Website,pER VIAL / Per Vial; peptide-master-list / extended list,0.2 mL is below the ~0.5 mL floor for wetting the cake and drawing a dose reliably.
TRUE,UD-0270,Tesamorelin,TESAMORELIN,5,MG,3,CATALOG,40x20,UD_Catalog_40x20mm_M2.svg,LYOPHILIZED POWDER,36–46°F,WHITE,WHITE CAKE,UD_3mL_White_Peptide_Black_Cap_Unlabeled.png,0.5 mL,10 mg/mL,,,,UD|TESAMORELIN|5MG|CATALOG,TRUE,TRUE,1,UNDISCLOSED,UNDISCLOSED,RESEARCH USE,NOT FOR HUMAN,CONSUMPTION,TESAMORELIN_5MG_40x20_Catalog,TESAMORELIN_5MG_3mL_Website,pER VIAL / Per Vial; peptide-master-list / extended list,
TRUE,UD-0271,Tesamorelin,TESAMORELIN,10,MG,3,CATALOG,40x20,UD_Catalog_40x20mm_M2.svg,LYOPHILIZED POWDER,36–46°F,WHITE,WHITE CAKE,UD_3mL_White_Peptide_Black_Cap_Unlabeled.png,1 mL,10 mg/mL,,,,UD|TESAMORELIN|10MG|CATALOG,TRUE,TRUE,1,UNDISCLOSED,UNDISCLOSED,RESEARCH USE,NOT FOR HUMAN,CONSUMPTION,TESAMORELIN_10MG_40x20_Catalog,TESAMORELIN_10MG_3mL_Website,peptide-master-list / Live shop; pER VIAL / Per Vial; peptide-master-list / extended list,
TRUE,UD-0272,Tesamorelin,TESAMORELIN,20,MG,3,CATALOG,40x20,UD_Catalog_40x20mm_M2.svg,LYOPHILIZED POWDER,36–46°F,WHITE,WHITE CAKE,UD_3mL_White_Peptide_Black_Cap_Unlabeled.png,2 mL,10 mg/mL,,,,UD|TESAMORELIN|20MG|CATALOG,TRUE,TRUE,1,UNDISCLOSED,UNDISCLOSED,RESEARCH USE,NOT FOR HUMAN,CONSUMPTION,TESAMORELIN_20MG_40x20_Catalog,TESAMORELIN_20MG_3mL_Website,pER VIAL / Per Vial; peptide-master-list / extended list,
TRUE,UD-0273,Tesamorelin / Ipamorelin,TI,15,MG,3,CATALOG,40x20,UD_Catalog_40x20mm_M2.svg,LYOPHILIZED POWDER,36–46°F,WHITE,WHITE CAKE,UD_3mL_White_Peptide_Black_Cap_Unlabeled.png,,,,,,UD|TI|15MG|CATALOG,TRUE,TRUE,1,UNDISCLOSED,UNDISCLOSED,RESEARCH USE,NOT FOR HUMAN,CONSUMPTION,TI_15MG_40x20_Catalog,TI_15MG_3mL_Website,peptide-master-list / extended list,
TRUE,UD-0274,Tesamorelin + Ipamorelin,T/IPA,1.5,MG,3,CATALOG,40x20,UD_Catalog_40x20mm_M2.svg,LYOPHILIZED POWDER,36–46°F,WHITE,WHITE CAKE,UD_3mL_White_Peptide_Black_Cap_Unlabeled.png,1.5 mL,1 mg/mL,,,,UD|T/IPA|1.5MG|CATALOG,TRUE,TRUE,1,UNDISCLOSED,UNDISCLOSED,RESEARCH USE,NOT FOR HUMAN,CONSUMPTION,T_IPA_1_5MG_40x20_Catalog,T_IPA_1_5MG_3mL_Website,pER VIAL / Per Vial,
TRUE,UD-0275,Thymalin,THYMALIN,10,MG,3,CATALOG,40x20,UD_Catalog_40x20mm_M2.svg,LYOPHILIZED POWDER,36–46°F,WHITE,WHITE CAKE,UD_3mL_White_Peptide_Black_Cap_Unlabeled.png,1 mL,10 mg/mL,,,,UD|THYMALIN|10MG|CATALOG,TRUE,TRUE,1,UNDISCLOSED,UNDISCLOSED,RESEARCH USE,NOT FOR HUMAN,CONSUMPTION,THYMALIN_10MG_40x20_Catalog,THYMALIN_10MG_3mL_Website,pER VIAL / Per Vial; peptide-master-list / extended list,
TRUE,UD-0276,Thymalin/Thymulin,THYMALIN/THYMULIN,10,MG,3,CATALOG,40x20,UD_Catalog_40x20mm_M2.svg,LYOPHILIZED POWDER,36–46°F,WHITE,WHITE CAKE,UD_3mL_White_Peptide_Black_Cap_Unlabeled.png,,,,,,UD|THYMALIN/THYMULIN|10MG|CATALOG,TRUE,TRUE,1,UNDISCLOSED,UNDISCLOSED,RESEARCH USE,NOT FOR HUMAN,CONSUMPTION,THYMALIN_THYMULIN_10MG_40x20_Catalog,THYMALIN_THYMULIN_10MG_3mL_Website,peptide-master-list / extended list,
TRUE,UD-0277,Thymosin alpha 1,TA-1,5,MG,3,CATALOG,40x20,UD_Catalog_40x20mm_M2.svg,LYOPHILIZED POWDER,36–46°F,WHITE,WHITE CAKE,UD_3mL_White_Peptide_Black_Cap_Unlabeled.png,2 mL,2.5 mg/mL,,,,UD|TA-1|5MG|CATALOG,TRUE,TRUE,1,UNDISCLOSED,UNDISCLOSED,RESEARCH USE,NOT FOR HUMAN,CONSUMPTION,TA_1_5MG_40x20_Catalog,TA_1_5MG_3mL_Website,peptide-master-list / Live shop; pER VIAL / Per Vial; peptide-master-list / extended list,
TRUE,UD-0278,Thymosin alpha 1,TA-1,10,MG,3,CATALOG,40x20,UD_Catalog_40x20mm_M2.svg,LYOPHILIZED POWDER,36–46°F,WHITE,WHITE CAKE,UD_3mL_White_Peptide_Black_Cap_Unlabeled.png,,,,,,UD|TA-1|10MG|CATALOG,TRUE,TRUE,1,UNDISCLOSED,UNDISCLOSED,RESEARCH USE,NOT FOR HUMAN,CONSUMPTION,TA_1_10MG_40x20_Catalog,TA_1_10MG_3mL_Website,peptide-master-list / Live shop; peptide-master-list / extended list,
TRUE,UD-0279,Thymosin Alpha-1,TA-1,1,MG,3,CATALOG,40x20,UD_Catalog_40x20mm_M2.svg,LYOPHILIZED POWDER,36–46°F,WHITE,WHITE CAKE,UD_3mL_White_Peptide_Black_Cap_Unlabeled.png,0.4 mL,2.5 mg/mL,,,,UD|TA-1|1MG|CATALOG,TRUE,TRUE,1,UNDISCLOSED,UNDISCLOSED,RESEARCH USE,NOT FOR HUMAN,CONSUMPTION,TA_1_1MG_40x20_Catalog,TA_1_1MG_3mL_Website,pER VIAL / Per Vial,0.4 mL is below the ~0.5 mL floor for wetting the cake and drawing a dose reliably.
TRUE,UD-0280,Tirzepatide,TIRZEPATIDE,5,MG,3,CATALOG,40x20,UD_Catalog_40x20mm_M2.svg,LYOPHILIZED POWDER,36–46°F,WHITE,WHITE CAKE,UD_3mL_White_Peptide_Black_Cap_Unlabeled.png,0.5 mL,10 mg/mL,,,,UD|TIRZEPATIDE|5MG|CATALOG,TRUE,TRUE,1,UNDISCLOSED,UNDISCLOSED,RESEARCH USE,NOT FOR HUMAN,CONSUMPTION,TIRZEPATIDE_5MG_40x20_Catalog,TIRZEPATIDE_5MG_3mL_Website,pER VIAL / Per Vial; peptide-master-list / extended list,
TRUE,UD-0281,Tirzepatide,TIRZEPATIDE,10,MG,3,CATALOG,40x20,UD_Catalog_40x20mm_M2.svg,LYOPHILIZED POWDER,36–46°F,WHITE,WHITE CAKE,UD_3mL_White_Peptide_Black_Cap_Unlabeled.png,0.4 mL,25 mg/mL,,,,UD|TIRZEPATIDE|10MG|CATALOG,TRUE,TRUE,1,UNDISCLOSED,UNDISCLOSED,RESEARCH USE,NOT FOR HUMAN,CONSUMPTION,TIRZEPATIDE_10MG_40x20_Catalog,TIRZEPATIDE_10MG_3mL_Website,pER VIAL / Per Vial; peptide-master-list / extended list,0.4 mL is below the ~0.5 mL floor for wetting the cake and drawing a dose reliably.
TRUE,UD-0282,Tirzepatide,TIRZEPATIDE,15,MG,3,CATALOG,40x20,UD_Catalog_40x20mm_M2.svg,LYOPHILIZED POWDER,36–46°F,WHITE,WHITE CAKE,UD_3mL_White_Peptide_Black_Cap_Unlabeled.png,0.6 mL,25 mg/mL,,,,UD|TIRZEPATIDE|15MG|CATALOG,TRUE,TRUE,1,UNDISCLOSED,UNDISCLOSED,RESEARCH USE,NOT FOR HUMAN,CONSUMPTION,TIRZEPATIDE_15MG_40x20_Catalog,TIRZEPATIDE_15MG_3mL_Website,pER VIAL / Per Vial; peptide-master-list / extended list,
TRUE,UD-0283,Tirzepatide,TIRZEPATIDE,20,MG,3,CATALOG,40x20,UD_Catalog_40x20mm_M2.svg,LYOPHILIZED POWDER,36–46°F,WHITE,WHITE CAKE,UD_3mL_White_Peptide_Black_Cap_Unlabeled.png,0.8 mL,25 mg/mL,,,,UD|TIRZEPATIDE|20MG|CATALOG,TRUE,TRUE,1,UNDISCLOSED,UNDISCLOSED,RESEARCH USE,NOT FOR HUMAN,CONSUMPTION,TIRZEPATIDE_20MG_40x20_Catalog,TIRZEPATIDE_20MG_3mL_Website,pER VIAL / Per Vial; peptide-master-list / extended list,
TRUE,UD-0284,Tirzepatide,TIRZEPATIDE,30,MG,3,CATALOG,40x20,UD_Catalog_40x20mm_M2.svg,LYOPHILIZED POWDER,36–46°F,WHITE,WHITE CAKE,UD_3mL_White_Peptide_Black_Cap_Unlabeled.png,1.2 mL,25 mg/mL,,,,UD|TIRZEPATIDE|30MG|CATALOG,TRUE,TRUE,1,UNDISCLOSED,UNDISCLOSED,RESEARCH USE,NOT FOR HUMAN,CONSUMPTION,TIRZEPATIDE_30MG_40x20_Catalog,TIRZEPATIDE_30MG_3mL_Website,peptide-master-list / Live shop; pER VIAL / Per Vial; peptide-master-list / extended list,
TRUE,UD-0285,Tirzepatide,TIRZEPATIDE,40,MG,3,CATALOG,40x20,UD_Catalog_40x20mm_M2.svg,LYOPHILIZED POWDER,36–46°F,WHITE,WHITE CAKE,UD_3mL_White_Peptide_Black_Cap_Unlabeled.png,1.6 mL,25 mg/mL,,,,UD|TIRZEPATIDE|40MG|CATALOG,TRUE,TRUE,1,UNDISCLOSED,UNDISCLOSED,RESEARCH USE,NOT FOR HUMAN,CONSUMPTION,TIRZEPATIDE_40MG_40x20_Catalog,TIRZEPATIDE_40MG_3mL_Website,pER VIAL / Per Vial; peptide-master-list / extended list,
TRUE,UD-0286,Tirzepatide,TIRZEPATIDE,50,MG,3,CATALOG,40x20,UD_Catalog_40x20mm_M2.svg,LYOPHILIZED POWDER,36–46°F,WHITE,WHITE CAKE,UD_3mL_White_Peptide_Black_Cap_Unlabeled.png,2 mL,25 mg/mL,,,,UD|TIRZEPATIDE|50MG|CATALOG,TRUE,TRUE,1,UNDISCLOSED,UNDISCLOSED,RESEARCH USE,NOT FOR HUMAN,CONSUMPTION,TIRZEPATIDE_50MG_40x20_Catalog,TIRZEPATIDE_50MG_3mL_Website,pER VIAL / Per Vial; peptide-master-list / extended list,
TRUE,UD-0287,Tirzepatide,TIRZEPATIDE,60,MG,3,CATALOG,40x20,UD_Catalog_40x20mm_M2.svg,LYOPHILIZED POWDER,36–46°F,WHITE,WHITE CAKE,UD_3mL_White_Peptide_Black_Cap_Unlabeled.png,2.4 mL,25 mg/mL,,,,UD|TIRZEPATIDE|60MG|CATALOG,TRUE,TRUE,1,UNDISCLOSED,UNDISCLOSED,RESEARCH USE,NOT FOR HUMAN,CONSUMPTION,TIRZEPATIDE_60MG_40x20_Catalog,TIRZEPATIDE_60MG_3mL_Website,peptide-master-list / Live shop; pER VIAL / Per Vial; peptide-master-list / extended list,
TRUE,UD-0288,Tirzepatide,TIRZEPATIDE,100,MG,3,CATALOG,40x20,UD_Catalog_40x20mm_M2.svg,LYOPHILIZED POWDER,36–46°F,WHITE,WHITE CAKE,UD_3mL_White_Peptide_Black_Cap_Unlabeled.png,,,,,,UD|TIRZEPATIDE|100MG|CATALOG,TRUE,TRUE,1,UNDISCLOSED,UNDISCLOSED,RESEARCH USE,NOT FOR HUMAN,CONSUMPTION,TIRZEPATIDE_100MG_40x20_Catalog,TIRZEPATIDE_100MG_3mL_Website,peptide-master-list / extended list,
TRUE,UD-0289,Triptorelin Acetate,TRIP,2,MG,3,CATALOG,40x20,UD_Catalog_40x20mm_M2.svg,LYOPHILIZED POWDER,36–46°F,WHITE,WHITE CAKE,UD_3mL_White_Peptide_Black_Cap_Unlabeled.png,0.8 mL,2.5 mg/mL,,,,UD|TRIP|2MG|CATALOG,TRUE,TRUE,1,UNDISCLOSED,UNDISCLOSED,RESEARCH USE,NOT FOR HUMAN,CONSUMPTION,TRIP_2MG_40x20_Catalog,TRIP_2MG_3mL_Website,pER VIAL / Per Vial,
TRUE,UD-0290,Triptorelln Acetate,TA,2,MG,3,CATALOG,40x20,UD_Catalog_40x20mm_M2.svg,LYOPHILIZED POWDER,36–46°F,WHITE,WHITE CAKE,UD_3mL_White_Peptide_Black_Cap_Unlabeled.png,,,,,,UD|TA|2MG|CATALOG,TRUE,TRUE,1,UNDISCLOSED,UNDISCLOSED,RESEARCH USE,NOT FOR HUMAN,CONSUMPTION,TA_2MG_40x20_Catalog,TA_2MG_3mL_Website,peptide-master-list / extended list,
TRUE,UD-0291,Vesugen,VESUGEN,10,MG,3,CATALOG,40x20,UD_Catalog_40x20mm_M2.svg,LYOPHILIZED POWDER,36–46°F,WHITE,WHITE CAKE,UD_3mL_White_Peptide_Black_Cap_Unlabeled.png,1 mL,10 mg/mL,,,,UD|VESUGEN|10MG|CATALOG,TRUE,TRUE,1,UNDISCLOSED,UNDISCLOSED,RESEARCH USE,NOT FOR HUMAN,CONSUMPTION,VESUGEN_10MG_40x20_Catalog,VESUGEN_10MG_3mL_Website,pER VIAL / Per Vial; peptide-master-list / extended list,
TRUE,UD-0292,Vesugen,VESUGEN,20,MG,3,CATALOG,40x20,UD_Catalog_40x20mm_M2.svg,LYOPHILIZED POWDER,36–46°F,WHITE,WHITE CAKE,UD_3mL_White_Peptide_Black_Cap_Unlabeled.png,2 mL,10 mg/mL,,,,UD|VESUGEN|20MG|CATALOG,TRUE,TRUE,1,UNDISCLOSED,UNDISCLOSED,RESEARCH USE,NOT FOR HUMAN,CONSUMPTION,VESUGEN_20MG_40x20_Catalog,VESUGEN_20MG_3mL_Website,pER VIAL / Per Vial; peptide-master-list / extended list,
TRUE,UD-0293,VIP,VIP,5,MG,3,CATALOG,40x20,UD_Catalog_40x20mm_M2.svg,LYOPHILIZED POWDER,36–46°F,WHITE,WHITE CAKE,UD_3mL_White_Peptide_Black_Cap_Unlabeled.png,2 mL,2.5 mg/mL,,,,UD|VIP|5MG|CATALOG,TRUE,TRUE,1,UNDISCLOSED,UNDISCLOSED,RESEARCH USE,NOT FOR HUMAN,CONSUMPTION,VIP_5MG_40x20_Catalog,VIP_5MG_3mL_Website,pER VIAL / Per Vial; peptide-master-list / extended list,
TRUE,UD-0294,VIP,VIP,10,MG,3,CATALOG,40x20,UD_Catalog_40x20mm_M2.svg,LYOPHILIZED POWDER,36–46°F,WHITE,WHITE CAKE,UD_3mL_White_Peptide_Black_Cap_Unlabeled.png,1 mL,10 mg/mL,,,,UD|VIP|10MG|CATALOG,TRUE,TRUE,1,UNDISCLOSED,UNDISCLOSED,RESEARCH USE,NOT FOR HUMAN,CONSUMPTION,VIP_10MG_40x20_Catalog,VIP_10MG_3mL_Website,pER VIAL / Per Vial; peptide-master-list / extended list,
TRUE,UD-0295,Vitamin B12,B12,10,MG,10,CATALOG,50x30,UD_Catalog_50x30mm_M2.svg,LIQUID,36–46°F,RED,RED LIQUID 75%,CREATE_10mL_Red_Liquid_75pct.png,,,,,,UD|B12|10MG|CATALOG,TRUE,TRUE,1,UNDISCLOSED,UNDISCLOSED,RESEARCH USE,NOT FOR HUMAN,CONSUMPTION,B12_10MG_50x30_Catalog,B12_10MG_10mL_Website,peptide-master-list / Live shop; peptide-master-list / extended list,
TRUE,UD-0296,water,WATER,3,MG,3,CATALOG,40x20,UD_Catalog_40x20mm_M2.svg,WATER,36–46°F,CLEAR,CLEAR LIQUID,UD_3mL_White_Peptide_Black_Cap_Unlabeled.png,,,,,,UD|WATER|3MG|CATALOG,TRUE,TRUE,1,UNDISCLOSED,UNDISCLOSED,RESEARCH USE,NOT FOR HUMAN,CONSUMPTION,WATER_3MG_40x20_Catalog,WATER_3MG_3mL_Website,peptide-master-list / extended list,
TRUE,UD-0297,water,WATER,10,MG,3,CATALOG,40x20,UD_Catalog_40x20mm_M2.svg,WATER,36–46°F,CLEAR,CLEAR LIQUID,UD_3mL_White_Peptide_Black_Cap_Unlabeled.png,,,,,,UD|WATER|10MG|CATALOG,TRUE,TRUE,1,UNDISCLOSED,UNDISCLOSED,RESEARCH USE,NOT FOR HUMAN,CONSUMPTION,WATER_10MG_40x20_Catalog,WATER_10MG_3mL_Website,peptide-master-list / extended list,
TRUE,UD-0298,Wolverine,WOLVERINE,1,MG,3,CATALOG,40x20,UD_Catalog_40x20mm_M2.svg,LYOPHILIZED POWDER,36–46°F,WHITE,WHITE CAKE,UD_3mL_White_Peptide_Black_Cap_Unlabeled.png,0.4 mL,2.5 mg/mL,,,,UD|WOLVERINE|1MG|CATALOG,TRUE,TRUE,1,UNDISCLOSED,UNDISCLOSED,RESEARCH USE,NOT FOR HUMAN,CONSUMPTION,WOLVERINE_1MG_40x20_Catalog,WOLVERINE_1MG_3mL_Website,pER VIAL / Per Vial,0.4 mL is below the ~0.5 mL floor for wetting the cake and drawing a dose reliably.
TRUE,UD-0299,Wolverine,WOLVERINE,2,MG,3,CATALOG,40x20,UD_Catalog_40x20mm_M2.svg,LYOPHILIZED POWDER,36–46°F,WHITE,WHITE CAKE,UD_3mL_White_Peptide_Black_Cap_Unlabeled.png,0.8 mL,2.5 mg/mL,,,,UD|WOLVERINE|2MG|CATALOG,TRUE,TRUE,1,UNDISCLOSED,UNDISCLOSED,RESEARCH USE,NOT FOR HUMAN,CONSUMPTION,WOLVERINE_2MG_40x20_Catalog,WOLVERINE_2MG_3mL_Website,pER VIAL / Per Vial,
TRUE,UD-0300,Wolverine,WOLVERINE,3,MG,3,CATALOG,40x20,UD_Catalog_40x20mm_M2.svg,LYOPHILIZED POWDER,36–46°F,WHITE,WHITE CAKE,UD_3mL_White_Peptide_Black_Cap_Unlabeled.png,1.2 mL,2.5 mg/mL,,,,UD|WOLVERINE|3MG|CATALOG,TRUE,TRUE,1,UNDISCLOSED,UNDISCLOSED,RESEARCH USE,NOT FOR HUMAN,CONSUMPTION,WOLVERINE_3MG_40x20_Catalog,WOLVERINE_3MG_3mL_Website,pER VIAL / Per Vial,
TRUE,UD-0301,Wolverine,WOLVERINE,10,MG,3,CATALOG,40x20,UD_Catalog_40x20mm_M2.svg,LYOPHILIZED POWDER,36–46°F,WHITE,WHITE CAKE,UD_3mL_White_Peptide_Black_Cap_Unlabeled.png,,,,,,UD|WOLVERINE|10MG|CATALOG,TRUE,TRUE,1,UNDISCLOSED,UNDISCLOSED,RESEARCH USE,NOT FOR HUMAN,CONSUMPTION,WOLVERINE_10MG_40x20_Catalog,WOLVERINE_10MG_3mL_Website,peptide-master-list / extended list,
TRUE,UD-0302,Wolverine,WOLVERINE,20,MG,3,CATALOG,40x20,UD_Catalog_40x20mm_M2.svg,LYOPHILIZED POWDER,36–46°F,WHITE,WHITE CAKE,UD_3mL_White_Peptide_Black_Cap_Unlabeled.png,,,,,,UD|WOLVERINE|20MG|CATALOG,TRUE,TRUE,1,UNDISCLOSED,UNDISCLOSED,RESEARCH USE,NOT FOR HUMAN,CONSUMPTION,WOLVERINE_20MG_40x20_Catalog,WOLVERINE_20MG_3mL_Website,peptide-master-list / extended list,
TRUE,UD-0303,Wolverine,WOLVERINE,30,MG,3,CATALOG,40x20,UD_Catalog_40x20mm_M2.svg,LYOPHILIZED POWDER,36–46°F,WHITE,WHITE CAKE,UD_3mL_White_Peptide_Black_Cap_Unlabeled.png,,,,,,UD|WOLVERINE|30MG|CATALOG,TRUE,TRUE,1,UNDISCLOSED,UNDISCLOSED,RESEARCH USE,NOT FOR HUMAN,CONSUMPTION,WOLVERINE_30MG_40x20_Catalog,WOLVERINE_30MG_3mL_Website,peptide-master-list / extended list,